<?xml version="1.0" encoding="UTF-8"?>
<root>
  <item name="android.service.carrier.ApnService java.util.List&lt;android.content.ContentValues&gt; onRestoreApns(int)">
    <annotation name="androidx.annotation.WorkerThread"/>
  </item>
  <item name="android.service.carrier.CarrierMessagingServiceWrapper void receiveSms(android.service.carrier.MessagePdu, java.lang.String, int, int, java.util.concurrent.Executor, android.service.carrier.CarrierMessagingServiceWrapper.CarrierMessagingCallback) 1">
    <annotation name="androidx.annotation.StringDef">
      <val name="value" val="{android.telephony.SmsMessage.FORMAT_3GPP, android.telephony.SmsMessage.FORMAT_3GPP2}" />
    </annotation>
  </item>
  <item name="android.service.carrier.CarrierMessagingServiceWrapper void sendDataSms(byte[], int, java.lang.String, int, int, java.util.concurrent.Executor, android.service.carrier.CarrierMessagingServiceWrapper.CarrierMessagingCallback) 4">
    <annotation name="androidx.annotation.IntDef">
      <val name="flag" val="true" />
      <val name="value" val="{android.service.carrier.CarrierMessagingService.SEND_FLAG_REQUEST_DELIVERY_STATUS}" />
    </annotation>
  </item>
  <item name="android.service.carrier.CarrierMessagingServiceWrapper void sendMultipartTextSms(java.util.List<java.lang.String>, int, java.lang.String, int, java.util.concurrent.Executor, android.service.carrier.CarrierMessagingServiceWrapper.CarrierMessagingCallback) 3">
    <annotation name="androidx.annotation.IntDef">
      <val name="flag" val="true" />
      <val name="value" val="{android.service.carrier.CarrierMessagingService.SEND_FLAG_REQUEST_DELIVERY_STATUS}" />
    </annotation>
  </item>
  <item name="android.service.carrier.CarrierMessagingServiceWrapper void sendTextSms(java.lang.String, int, java.lang.String, int, java.util.concurrent.Executor, android.service.carrier.CarrierMessagingServiceWrapper.CarrierMessagingCallback) 3">
    <annotation name="androidx.annotation.IntDef">
      <val name="flag" val="true" />
      <val name="value" val="{android.service.carrier.CarrierMessagingService.SEND_FLAG_REQUEST_DELIVERY_STATUS}" />
    </annotation>
  </item>
  <item name="android.service.carrier.CarrierMessagingServiceWrapper.CarrierMessagingCallback void onDownloadMmsComplete(int) 0">
    <annotation name="androidx.annotation.IntDef">
      <val name="value" val="{android.service.carrier.CarrierMessagingService.DOWNLOAD_STATUS_OK, android.service.carrier.CarrierMessagingService.DOWNLOAD_STATUS_RETRY_ON_CARRIER_NETWORK, android.service.carrier.CarrierMessagingService.DOWNLOAD_STATUS_ERROR}" />
    </annotation>
  </item>
  <item name="android.service.carrier.CarrierMessagingServiceWrapper.CarrierMessagingCallback void onReceiveSmsComplete(int) 0">
    <annotation name="androidx.annotation.IntDef">
      <val name="flag" val="true" />
      <val name="value" val="{android.service.carrier.CarrierMessagingService.RECEIVE_OPTIONS_DEFAULT, android.service.carrier.CarrierMessagingService.RECEIVE_OPTIONS_DROP, android.service.carrier.CarrierMessagingService.RECEIVE_OPTIONS_SKIP_NOTIFY_WHEN_CREDENTIAL_PROTECTED_STORAGE_UNAVAILABLE}" />
    </annotation>
  </item>
  <item name="android.service.carrier.CarrierMessagingServiceWrapper.CarrierMessagingCallback void onSendMmsComplete(int, byte[]) 0">
    <annotation name="androidx.annotation.IntDef">
      <val name="value" val="{android.service.carrier.CarrierMessagingService.SEND_STATUS_OK, android.service.carrier.CarrierMessagingService.SEND_STATUS_RETRY_ON_CARRIER_NETWORK, android.service.carrier.CarrierMessagingService.SEND_STATUS_ERROR}" />
    </annotation>
  </item>
  <item name="android.service.carrier.CarrierMessagingServiceWrapper.CarrierMessagingCallback void onSendMultipartSmsComplete(int, int[]) 0">
    <annotation name="androidx.annotation.IntDef">
      <val name="value" val="{android.service.carrier.CarrierMessagingService.SEND_STATUS_OK, android.service.carrier.CarrierMessagingService.SEND_STATUS_RETRY_ON_CARRIER_NETWORK, android.service.carrier.CarrierMessagingService.SEND_STATUS_ERROR}" />
    </annotation>
  </item>
  <item name="android.service.carrier.CarrierMessagingServiceWrapper.CarrierMessagingCallback void onSendSmsComplete(int, int) 0">
    <annotation name="androidx.annotation.IntDef">
      <val name="value" val="{android.service.carrier.CarrierMessagingService.SEND_STATUS_OK, android.service.carrier.CarrierMessagingService.SEND_STATUS_RETRY_ON_CARRIER_NETWORK, android.service.carrier.CarrierMessagingService.SEND_STATUS_ERROR}" />
    </annotation>
  </item>
  <item name="android.service.carrier.CarrierService android.os.IBinder onBind(android.content.Intent)">
    <annotation name="androidx.annotation.CallSuper"/>
  </item>
</root>

