<?xml version="1.0" encoding="UTF-8"?>
<root>
  <item name="android.bluetooth.BluetoothA2dp ACTION_CONNECTION_STATE_CHANGED">
    <annotation name="androidx.annotation.RequiresPermission">
      <val name="value" val="&quot;android.permission.BLUETOOTH_CONNECT&quot;" />
    </annotation>
  </item>
  <item name="android.bluetooth.BluetoothA2dp ACTION_PLAYING_STATE_CHANGED">
    <annotation name="androidx.annotation.RequiresPermission">
      <val name="value" val="&quot;android.permission.BLUETOOTH_CONNECT&quot;" />
    </annotation>
  </item>
  <item name="android.bluetooth.BluetoothA2dp android.bluetooth.BufferConstraints getBufferConstraints()">
    <annotation name="androidx.annotation.RequiresPermission">
      <val name="allOf" val="{&quot;android.permission.BLUETOOTH_CONNECT&quot;, &quot;android.permission.BLUETOOTH_PRIVILEGED&quot;}" />
    </annotation>
  </item>
  <item name="android.bluetooth.BluetoothA2dp boolean isA2dpPlaying(android.bluetooth.BluetoothDevice)">
    <annotation name="androidx.annotation.RequiresPermission">
      <val name="value" val="&quot;android.permission.BLUETOOTH_CONNECT&quot;" />
    </annotation>
  </item>
  <item name="android.bluetooth.BluetoothA2dp boolean setBufferLengthMillis(int, int)">
    <annotation name="androidx.annotation.RequiresPermission">
      <val name="allOf" val="{&quot;android.permission.BLUETOOTH_CONNECT&quot;, &quot;android.permission.BLUETOOTH_PRIVILEGED&quot;}" />
    </annotation>
  </item>
  <item name="android.bluetooth.BluetoothA2dp boolean setBufferLengthMillis(int, int) 0">
    <annotation name="androidx.annotation.IntDef">
    </annotation>
  </item>
  <item name="android.bluetooth.BluetoothA2dp boolean setConnectionPolicy(android.bluetooth.BluetoothDevice, int)">
    <annotation name="androidx.annotation.RequiresPermission">
      <val name="allOf" val="{&quot;android.permission.BLUETOOTH_CONNECT&quot;, &quot;android.permission.BLUETOOTH_PRIVILEGED&quot;}" />
    </annotation>
  </item>
  <item name="android.bluetooth.BluetoothA2dp boolean setConnectionPolicy(android.bluetooth.BluetoothDevice, int) 1">
    <annotation name="androidx.annotation.IntDef">
      <val name="value" val="{android.bluetooth.BluetoothProfile.CONNECTION_POLICY_ALLOWED, android.bluetooth.BluetoothProfile.CONNECTION_POLICY_FORBIDDEN, android.bluetooth.BluetoothProfile.CONNECTION_POLICY_UNKNOWN}" />
    </annotation>
  </item>
  <item name="android.bluetooth.BluetoothA2dp int getConnectionPolicy(android.bluetooth.BluetoothDevice)">
    <annotation name="androidx.annotation.RequiresPermission">
      <val name="allOf" val="{&quot;android.permission.BLUETOOTH_CONNECT&quot;, &quot;android.permission.BLUETOOTH_PRIVILEGED&quot;}" />
    </annotation>
    <annotation name="androidx.annotation.IntDef">
      <val name="value" val="{android.bluetooth.BluetoothProfile.CONNECTION_POLICY_ALLOWED, android.bluetooth.BluetoothProfile.CONNECTION_POLICY_FORBIDDEN, android.bluetooth.BluetoothProfile.CONNECTION_POLICY_UNKNOWN}" />
    </annotation>
  </item>
  <item name="android.bluetooth.BluetoothA2dp int getConnectionState(android.bluetooth.BluetoothDevice)">
    <annotation name="androidx.annotation.RequiresPermission">
      <val name="value" val="&quot;android.permission.BLUETOOTH_CONNECT&quot;" />
    </annotation>
    <annotation name="androidx.annotation.IntDef">
      <val name="value" val="{android.bluetooth.BluetoothProfile.STATE_DISCONNECTED, android.bluetooth.BluetoothProfile.STATE_CONNECTING, android.bluetooth.BluetoothProfile.STATE_CONNECTED, android.bluetooth.BluetoothProfile.STATE_DISCONNECTING}" />
    </annotation>
  </item>
  <item name="android.bluetooth.BluetoothA2dp int getDynamicBufferSupport()">
    <annotation name="androidx.annotation.RequiresPermission">
      <val name="allOf" val="{&quot;android.permission.BLUETOOTH_CONNECT&quot;, &quot;android.permission.BLUETOOTH_PRIVILEGED&quot;}" />
    </annotation>
    <annotation name="androidx.annotation.IntDef">
      <val name="value" val="{android.bluetooth.BluetoothA2dp.DYNAMIC_BUFFER_SUPPORT_NONE, android.bluetooth.BluetoothA2dp.DYNAMIC_BUFFER_SUPPORT_A2DP_OFFLOAD, android.bluetooth.BluetoothA2dp.DYNAMIC_BUFFER_SUPPORT_A2DP_SOFTWARE_ENCODING}" />
    </annotation>
  </item>
  <item name="android.bluetooth.BluetoothA2dp java.util.List&lt;android.bluetooth.BluetoothDevice&gt; getConnectedDevices()">
    <annotation name="androidx.annotation.RequiresPermission">
      <val name="value" val="&quot;android.permission.BLUETOOTH_CONNECT&quot;" />
    </annotation>
  </item>
  <item name="android.bluetooth.BluetoothA2dp java.util.List&lt;android.bluetooth.BluetoothDevice&gt; getDevicesMatchingConnectionStates(int[])">
    <annotation name="androidx.annotation.RequiresPermission">
      <val name="value" val="&quot;android.permission.BLUETOOTH_CONNECT&quot;" />
    </annotation>
  </item>
  <item name="android.bluetooth.BluetoothA2dpSink ACTION_CONNECTION_STATE_CHANGED">
    <annotation name="androidx.annotation.RequiresPermission">
      <val name="value" val="&quot;android.permission.BLUETOOTH_CONNECT&quot;" />
    </annotation>
  </item>
  <item name="android.bluetooth.BluetoothA2dpSink boolean isAudioPlaying(android.bluetooth.BluetoothDevice)">
    <annotation name="androidx.annotation.RequiresPermission">
      <val name="allOf" val="{&quot;android.permission.BLUETOOTH_CONNECT&quot;, &quot;android.permission.BLUETOOTH_PRIVILEGED&quot;}" />
    </annotation>
  </item>
  <item name="android.bluetooth.BluetoothA2dpSink boolean setConnectionPolicy(android.bluetooth.BluetoothDevice, int)">
    <annotation name="androidx.annotation.RequiresPermission">
      <val name="allOf" val="{&quot;android.permission.BLUETOOTH_CONNECT&quot;, &quot;android.permission.BLUETOOTH_PRIVILEGED&quot;}" />
    </annotation>
  </item>
  <item name="android.bluetooth.BluetoothA2dpSink boolean setConnectionPolicy(android.bluetooth.BluetoothDevice, int) 1">
    <annotation name="androidx.annotation.IntDef">
      <val name="value" val="{android.bluetooth.BluetoothProfile.CONNECTION_POLICY_ALLOWED, android.bluetooth.BluetoothProfile.CONNECTION_POLICY_FORBIDDEN, android.bluetooth.BluetoothProfile.CONNECTION_POLICY_UNKNOWN}" />
    </annotation>
  </item>
  <item name="android.bluetooth.BluetoothA2dpSink int getConnectionPolicy(android.bluetooth.BluetoothDevice)">
    <annotation name="androidx.annotation.RequiresPermission">
      <val name="allOf" val="{&quot;android.permission.BLUETOOTH_CONNECT&quot;, &quot;android.permission.BLUETOOTH_PRIVILEGED&quot;}" />
    </annotation>
    <annotation name="androidx.annotation.IntDef">
      <val name="value" val="{android.bluetooth.BluetoothProfile.CONNECTION_POLICY_ALLOWED, android.bluetooth.BluetoothProfile.CONNECTION_POLICY_FORBIDDEN, android.bluetooth.BluetoothProfile.CONNECTION_POLICY_UNKNOWN}" />
    </annotation>
  </item>
  <item name="android.bluetooth.BluetoothAdapter ACTION_CONNECTION_STATE_CHANGED">
    <annotation name="androidx.annotation.RequiresPermission">
      <val name="value" val="&quot;android.permission.BLUETOOTH_CONNECT&quot;" />
    </annotation>
  </item>
  <item name="android.bluetooth.BluetoothAdapter ACTION_DISCOVERY_FINISHED">
    <annotation name="androidx.annotation.RequiresPermission">
      <val name="value" val="&quot;android.permission.BLUETOOTH_SCAN&quot;" />
    </annotation>
  </item>
  <item name="android.bluetooth.BluetoothAdapter ACTION_DISCOVERY_STARTED">
    <annotation name="androidx.annotation.RequiresPermission">
      <val name="value" val="&quot;android.permission.BLUETOOTH_SCAN&quot;" />
    </annotation>
  </item>
  <item name="android.bluetooth.BluetoothAdapter ACTION_LOCAL_NAME_CHANGED">
    <annotation name="androidx.annotation.RequiresPermission">
      <val name="value" val="&quot;android.permission.BLUETOOTH_CONNECT&quot;" />
    </annotation>
  </item>
  <item name="android.bluetooth.BluetoothAdapter ACTION_REQUEST_DISCOVERABLE">
    <annotation name="androidx.annotation.RequiresPermission">
      <val name="value" val="&quot;android.permission.BLUETOOTH_ADVERTISE&quot;" />
    </annotation>
  </item>
  <item name="android.bluetooth.BluetoothAdapter ACTION_REQUEST_ENABLE">
    <annotation name="androidx.annotation.RequiresPermission">
      <val name="value" val="&quot;android.permission.BLUETOOTH_CONNECT&quot;" />
    </annotation>
  </item>
  <item name="android.bluetooth.BluetoothAdapter ACTION_SCAN_MODE_CHANGED">
    <annotation name="androidx.annotation.RequiresPermission">
      <val name="value" val="&quot;android.permission.BLUETOOTH_SCAN&quot;" />
    </annotation>
  </item>
  <item name="android.bluetooth.BluetoothAdapter android.bluetooth.BluetoothServerSocket listenUsingInsecureL2capChannel()">
    <annotation name="androidx.annotation.RequiresPermission">
      <val name="value" val="&quot;android.permission.BLUETOOTH_CONNECT&quot;" />
    </annotation>
  </item>
  <item name="android.bluetooth.BluetoothAdapter android.bluetooth.BluetoothServerSocket listenUsingInsecureRfcommWithServiceRecord(java.lang.String, java.util.UUID)">
    <annotation name="androidx.annotation.RequiresPermission">
      <val name="value" val="&quot;android.permission.BLUETOOTH_CONNECT&quot;" />
    </annotation>
  </item>
  <item name="android.bluetooth.BluetoothAdapter android.bluetooth.BluetoothServerSocket listenUsingL2capChannel()">
    <annotation name="androidx.annotation.RequiresPermission">
      <val name="value" val="&quot;android.permission.BLUETOOTH_CONNECT&quot;" />
    </annotation>
  </item>
  <item name="android.bluetooth.BluetoothAdapter android.bluetooth.BluetoothServerSocket listenUsingRfcommWithServiceRecord(java.lang.String, java.util.UUID)">
    <annotation name="androidx.annotation.RequiresPermission">
      <val name="value" val="&quot;android.permission.BLUETOOTH_CONNECT&quot;" />
    </annotation>
  </item>
  <item name="android.bluetooth.BluetoothAdapter boolean addOnMetadataChangedListener(android.bluetooth.BluetoothDevice, java.util.concurrent.Executor, android.bluetooth.BluetoothAdapter.OnMetadataChangedListener)">
    <annotation name="androidx.annotation.RequiresPermission">
      <val name="allOf" val="{&quot;android.permission.BLUETOOTH_CONNECT&quot;, &quot;android.permission.BLUETOOTH_PRIVILEGED&quot;}" />
    </annotation>
  </item>
  <item name="android.bluetooth.BluetoothAdapter boolean cancelDiscovery()">
    <annotation name="androidx.annotation.RequiresPermission">
      <val name="value" val="&quot;android.permission.BLUETOOTH_SCAN&quot;" />
    </annotation>
  </item>
  <item name="android.bluetooth.BluetoothAdapter boolean disable()">
    <annotation name="androidx.annotation.RequiresPermission">
      <val name="value" val="&quot;android.permission.BLUETOOTH_CONNECT&quot;" />
    </annotation>
  </item>
  <item name="android.bluetooth.BluetoothAdapter boolean disableBLE()">
    <annotation name="androidx.annotation.RequiresPermission">
      <val name="value" val="&quot;android.permission.BLUETOOTH_CONNECT&quot;" />
    </annotation>
  </item>
  <item name="android.bluetooth.BluetoothAdapter boolean enable()">
    <annotation name="androidx.annotation.RequiresPermission">
      <val name="value" val="&quot;android.permission.BLUETOOTH_CONNECT&quot;" />
    </annotation>
  </item>
  <item name="android.bluetooth.BluetoothAdapter boolean enableBLE()">
    <annotation name="androidx.annotation.RequiresPermission">
      <val name="value" val="&quot;android.permission.BLUETOOTH_CONNECT&quot;" />
    </annotation>
  </item>
  <item name="android.bluetooth.BluetoothAdapter boolean enableNoAutoConnect()">
    <annotation name="androidx.annotation.RequiresPermission">
      <val name="value" val="&quot;android.permission.BLUETOOTH_CONNECT&quot;" />
    </annotation>
  </item>
  <item name="android.bluetooth.BluetoothAdapter boolean isDiscovering()">
    <annotation name="androidx.annotation.RequiresPermission">
      <val name="value" val="&quot;android.permission.BLUETOOTH_SCAN&quot;" />
    </annotation>
  </item>
  <item name="android.bluetooth.BluetoothAdapter boolean removeActiveDevice(int)">
    <annotation name="androidx.annotation.RequiresPermission">
      <val name="allOf" val="{&quot;android.permission.BLUETOOTH_CONNECT&quot;, &quot;android.permission.BLUETOOTH_PRIVILEGED&quot;, &quot;android.permission.MODIFY_PHONE_STATE&quot;}" />
    </annotation>
  </item>
  <item name="android.bluetooth.BluetoothAdapter boolean removeActiveDevice(int) 0">
    <annotation name="androidx.annotation.IntDef">
      <val name="value" val="{android.bluetooth.BluetoothAdapter.ACTIVE_DEVICE_AUDIO, android.bluetooth.BluetoothAdapter.ACTIVE_DEVICE_PHONE_CALL, android.bluetooth.BluetoothAdapter.ACTIVE_DEVICE_ALL}" />
    </annotation>
  </item>
  <item name="android.bluetooth.BluetoothAdapter boolean removeOnMetadataChangedListener(android.bluetooth.BluetoothDevice, android.bluetooth.BluetoothAdapter.OnMetadataChangedListener)">
    <annotation name="androidx.annotation.RequiresPermission">
      <val name="allOf" val="{&quot;android.permission.BLUETOOTH_CONNECT&quot;, &quot;android.permission.BLUETOOTH_PRIVILEGED&quot;}" />
    </annotation>
  </item>
  <item name="android.bluetooth.BluetoothAdapter boolean setActiveDevice(android.bluetooth.BluetoothDevice, int)">
    <annotation name="androidx.annotation.RequiresPermission">
      <val name="allOf" val="{&quot;android.permission.BLUETOOTH_CONNECT&quot;, &quot;android.permission.BLUETOOTH_PRIVILEGED&quot;, &quot;android.permission.MODIFY_PHONE_STATE&quot;}" />
    </annotation>
  </item>
  <item name="android.bluetooth.BluetoothAdapter boolean setActiveDevice(android.bluetooth.BluetoothDevice, int) 1">
    <annotation name="androidx.annotation.IntDef">
      <val name="value" val="{android.bluetooth.BluetoothAdapter.ACTIVE_DEVICE_AUDIO, android.bluetooth.BluetoothAdapter.ACTIVE_DEVICE_PHONE_CALL, android.bluetooth.BluetoothAdapter.ACTIVE_DEVICE_ALL}" />
    </annotation>
  </item>
  <item name="android.bluetooth.BluetoothAdapter boolean setName(java.lang.String)">
    <annotation name="androidx.annotation.RequiresPermission">
      <val name="value" val="&quot;android.permission.BLUETOOTH_CONNECT&quot;" />
    </annotation>
  </item>
  <item name="android.bluetooth.BluetoothAdapter boolean startDiscovery()">
    <annotation name="androidx.annotation.RequiresPermission">
      <val name="value" val="&quot;android.permission.BLUETOOTH_SCAN&quot;" />
    </annotation>
  </item>
  <item name="android.bluetooth.BluetoothAdapter boolean startLeScan(android.bluetooth.BluetoothAdapter.LeScanCallback)">
    <annotation name="androidx.annotation.RequiresPermission">
      <val name="value" val="&quot;android.permission.BLUETOOTH_SCAN&quot;" />
    </annotation>
  </item>
  <item name="android.bluetooth.BluetoothAdapter boolean startLeScan(java.util.UUID[], android.bluetooth.BluetoothAdapter.LeScanCallback)">
    <annotation name="androidx.annotation.RequiresPermission">
      <val name="value" val="&quot;android.permission.BLUETOOTH_SCAN&quot;" />
    </annotation>
  </item>
  <item name="android.bluetooth.BluetoothAdapter int getProfileConnectionState(int)">
    <annotation name="androidx.annotation.RequiresPermission">
      <val name="value" val="&quot;android.permission.BLUETOOTH_CONNECT&quot;" />
    </annotation>
  </item>
  <item name="android.bluetooth.BluetoothAdapter int getScanMode()">
    <annotation name="androidx.annotation.RequiresPermission">
      <val name="value" val="&quot;android.permission.BLUETOOTH_SCAN&quot;" />
    </annotation>
    <annotation name="androidx.annotation.IntDef">
      <val name="value" val="{android.bluetooth.BluetoothAdapter.SCAN_MODE_NONE, android.bluetooth.BluetoothAdapter.SCAN_MODE_CONNECTABLE, android.bluetooth.BluetoothAdapter.SCAN_MODE_CONNECTABLE_DISCOVERABLE}" />
    </annotation>
  </item>
  <item name="android.bluetooth.BluetoothAdapter int getState()">
    <annotation name="androidx.annotation.IntDef">
      <val name="value" val="{android.bluetooth.BluetoothAdapter.STATE_OFF, android.bluetooth.BluetoothAdapter.STATE_TURNING_ON, android.bluetooth.BluetoothAdapter.STATE_ON, android.bluetooth.BluetoothAdapter.STATE_TURNING_OFF}" />
    </annotation>
  </item>
  <item name="android.bluetooth.BluetoothAdapter java.lang.String getAddress()">
    <annotation name="androidx.annotation.RequiresPermission">
      <val name="allOf" val="{&quot;android.permission.BLUETOOTH_CONNECT&quot;, &quot;android.permission.LOCAL_MAC_ADDRESS&quot;}" />
    </annotation>
  </item>
  <item name="android.bluetooth.BluetoothAdapter java.lang.String getName()">
    <annotation name="androidx.annotation.RequiresPermission">
      <val name="value" val="&quot;android.permission.BLUETOOTH_CONNECT&quot;" />
    </annotation>
  </item>
  <item name="android.bluetooth.BluetoothAdapter java.util.Set&lt;android.bluetooth.BluetoothDevice&gt; getBondedDevices()">
    <annotation name="androidx.annotation.RequiresPermission">
      <val name="value" val="&quot;android.permission.BLUETOOTH_CONNECT&quot;" />
    </annotation>
  </item>
  <item name="android.bluetooth.BluetoothAdapter long getDiscoveryEndMillis()">
    <annotation name="androidx.annotation.RequiresPermission">
      <val name="allOf" val="{&quot;android.permission.BLUETOOTH_CONNECT&quot;, &quot;android.permission.BLUETOOTH_PRIVILEGED&quot;}" />
    </annotation>
  </item>
  <item name="android.bluetooth.BluetoothAdapter void generateLocalOobData(int, java.util.concurrent.Executor, android.bluetooth.BluetoothAdapter.OobDataCallback)">
    <annotation name="androidx.annotation.RequiresPermission">
      <val name="allOf" val="{&quot;android.permission.BLUETOOTH_CONNECT&quot;, &quot;android.permission.BLUETOOTH_PRIVILEGED&quot;}" />
    </annotation>
  </item>
  <item name="android.bluetooth.BluetoothAdapter void generateLocalOobData(int, java.util.concurrent.Executor, android.bluetooth.BluetoothAdapter.OobDataCallback) 0">
    <annotation name="androidx.annotation.IntDef">
      <val name="value" val="{android.bluetooth.BluetoothDevice.TRANSPORT_AUTO, android.bluetooth.BluetoothDevice.TRANSPORT_BREDR, android.bluetooth.BluetoothDevice.TRANSPORT_LE}" />
    </annotation>
  </item>
  <item name="android.bluetooth.BluetoothAdapter void stopLeScan(android.bluetooth.BluetoothAdapter.LeScanCallback)">
    <annotation name="androidx.annotation.RequiresPermission">
      <val name="value" val="&quot;android.permission.BLUETOOTH_SCAN&quot;" />
    </annotation>
  </item>
  <item name="android.bluetooth.BluetoothAdapter.OobDataCallback void onError(int) 0">
    <annotation name="androidx.annotation.IntDef">
      <val name="value" val="{android.bluetooth.BluetoothStatusCodes.ERROR_UNKNOWN, android.bluetooth.BluetoothStatusCodes.ERROR_BLUETOOTH_NOT_ENABLED, android.bluetooth.BluetoothStatusCodes.ERROR_ANOTHER_ACTIVE_OOB_REQUEST}" />
    </annotation>
  </item>
  <item name="android.bluetooth.BluetoothAdapter.OobDataCallback void onOobData(int, android.bluetooth.OobData) 0">
    <annotation name="androidx.annotation.IntDef">
      <val name="value" val="{android.bluetooth.BluetoothDevice.TRANSPORT_AUTO, android.bluetooth.BluetoothDevice.TRANSPORT_BREDR, android.bluetooth.BluetoothDevice.TRANSPORT_LE}" />
    </annotation>
  </item>
  <item name="android.bluetooth.BluetoothDevice ACTION_ACL_CONNECTED">
    <annotation name="androidx.annotation.RequiresPermission">
      <val name="value" val="&quot;android.permission.BLUETOOTH_CONNECT&quot;" />
    </annotation>
  </item>
  <item name="android.bluetooth.BluetoothDevice ACTION_ACL_DISCONNECTED">
    <annotation name="androidx.annotation.RequiresPermission">
      <val name="value" val="&quot;android.permission.BLUETOOTH_CONNECT&quot;" />
    </annotation>
  </item>
  <item name="android.bluetooth.BluetoothDevice ACTION_ACL_DISCONNECT_REQUESTED">
    <annotation name="androidx.annotation.RequiresPermission">
      <val name="value" val="&quot;android.permission.BLUETOOTH_CONNECT&quot;" />
    </annotation>
  </item>
  <item name="android.bluetooth.BluetoothDevice ACTION_ALIAS_CHANGED">
    <annotation name="androidx.annotation.RequiresPermission">
      <val name="value" val="&quot;android.permission.BLUETOOTH_CONNECT&quot;" />
    </annotation>
  </item>
  <item name="android.bluetooth.BluetoothDevice ACTION_BOND_STATE_CHANGED">
    <annotation name="androidx.annotation.RequiresPermission">
      <val name="value" val="&quot;android.permission.BLUETOOTH_CONNECT&quot;" />
    </annotation>
  </item>
  <item name="android.bluetooth.BluetoothDevice ACTION_CLASS_CHANGED">
    <annotation name="androidx.annotation.RequiresPermission">
      <val name="value" val="&quot;android.permission.BLUETOOTH_CONNECT&quot;" />
    </annotation>
  </item>
  <item name="android.bluetooth.BluetoothDevice ACTION_FOUND">
    <annotation name="androidx.annotation.RequiresPermission">
      <val name="value" val="&quot;android.permission.BLUETOOTH_SCAN&quot;" />
    </annotation>
  </item>
  <item name="android.bluetooth.BluetoothDevice ACTION_NAME_CHANGED">
    <annotation name="androidx.annotation.RequiresPermission">
      <val name="value" val="&quot;android.permission.BLUETOOTH_CONNECT&quot;" />
    </annotation>
  </item>
  <item name="android.bluetooth.BluetoothDevice ACTION_PAIRING_REQUEST">
    <annotation name="androidx.annotation.RequiresPermission">
      <val name="value" val="&quot;android.permission.BLUETOOTH_CONNECT&quot;" />
    </annotation>
  </item>
  <item name="android.bluetooth.BluetoothDevice ACTION_SILENCE_MODE_CHANGED">
    <annotation name="androidx.annotation.RequiresPermission">
      <val name="value" val="&quot;android.permission.BLUETOOTH_CONNECT&quot;" />
    </annotation>
  </item>
  <item name="android.bluetooth.BluetoothDevice ACTION_UUID">
    <annotation name="androidx.annotation.RequiresPermission">
      <val name="value" val="&quot;android.permission.BLUETOOTH_CONNECT&quot;" />
    </annotation>
  </item>
  <item name="android.bluetooth.BluetoothDevice android.bluetooth.BluetoothClass getBluetoothClass()">
    <annotation name="androidx.annotation.RequiresPermission">
      <val name="value" val="&quot;android.permission.BLUETOOTH_CONNECT&quot;" />
    </annotation>
  </item>
  <item name="android.bluetooth.BluetoothDevice android.bluetooth.BluetoothGatt connectGatt(android.content.Context, boolean, android.bluetooth.BluetoothGattCallback)">
    <annotation name="androidx.annotation.RequiresPermission">
      <val name="value" val="&quot;android.permission.BLUETOOTH_CONNECT&quot;" />
    </annotation>
  </item>
  <item name="android.bluetooth.BluetoothDevice android.bluetooth.BluetoothGatt connectGatt(android.content.Context, boolean, android.bluetooth.BluetoothGattCallback, int)">
    <annotation name="androidx.annotation.RequiresPermission">
      <val name="value" val="&quot;android.permission.BLUETOOTH_CONNECT&quot;" />
    </annotation>
  </item>
  <item name="android.bluetooth.BluetoothDevice android.bluetooth.BluetoothGatt connectGatt(android.content.Context, boolean, android.bluetooth.BluetoothGattCallback, int, int)">
    <annotation name="androidx.annotation.RequiresPermission">
      <val name="value" val="&quot;android.permission.BLUETOOTH_CONNECT&quot;" />
    </annotation>
  </item>
  <item name="android.bluetooth.BluetoothDevice android.bluetooth.BluetoothGatt connectGatt(android.content.Context, boolean, android.bluetooth.BluetoothGattCallback, int, int, android.os.Handler)">
    <annotation name="androidx.annotation.RequiresPermission">
      <val name="value" val="&quot;android.permission.BLUETOOTH_CONNECT&quot;" />
    </annotation>
  </item>
  <item name="android.bluetooth.BluetoothDevice android.bluetooth.BluetoothSocket createInsecureL2capChannel(int)">
    <annotation name="androidx.annotation.RequiresPermission">
      <val name="value" val="&quot;android.permission.BLUETOOTH_CONNECT&quot;" />
    </annotation>
  </item>
  <item name="android.bluetooth.BluetoothDevice android.bluetooth.BluetoothSocket createInsecureRfcommSocketToServiceRecord(java.util.UUID)">
    <annotation name="androidx.annotation.RequiresPermission">
      <val name="value" val="&quot;android.permission.BLUETOOTH_CONNECT&quot;" />
    </annotation>
  </item>
  <item name="android.bluetooth.BluetoothDevice android.bluetooth.BluetoothSocket createL2capChannel(int)">
    <annotation name="androidx.annotation.RequiresPermission">
      <val name="value" val="&quot;android.permission.BLUETOOTH_CONNECT&quot;" />
    </annotation>
  </item>
  <item name="android.bluetooth.BluetoothDevice android.bluetooth.BluetoothSocket createRfcommSocketToServiceRecord(java.util.UUID)">
    <annotation name="androidx.annotation.RequiresPermission">
      <val name="value" val="&quot;android.permission.BLUETOOTH_CONNECT&quot;" />
    </annotation>
  </item>
  <item name="android.bluetooth.BluetoothDevice android.os.ParcelUuid[] getUuids()">
    <annotation name="androidx.annotation.RequiresPermission">
      <val name="value" val="&quot;android.permission.BLUETOOTH_CONNECT&quot;" />
    </annotation>
  </item>
  <item name="android.bluetooth.BluetoothDevice boolean canBondWithoutDialog()">
    <annotation name="androidx.annotation.RequiresPermission">
      <val name="allOf" val="{&quot;android.permission.BLUETOOTH_CONNECT&quot;, &quot;android.permission.BLUETOOTH_PRIVILEGED&quot;}" />
    </annotation>
  </item>
  <item name="android.bluetooth.BluetoothDevice boolean cancelBondProcess()">
    <annotation name="androidx.annotation.RequiresPermission">
      <val name="value" val="&quot;android.permission.BLUETOOTH_CONNECT&quot;" />
    </annotation>
  </item>
  <item name="android.bluetooth.BluetoothDevice boolean createBond()">
    <annotation name="androidx.annotation.RequiresPermission">
      <val name="value" val="&quot;android.permission.BLUETOOTH_CONNECT&quot;" />
    </annotation>
  </item>
  <item name="android.bluetooth.BluetoothDevice boolean createBondOutOfBand(int, android.bluetooth.OobData, android.bluetooth.OobData)">
    <annotation name="androidx.annotation.RequiresPermission">
      <val name="value" val="&quot;android.permission.BLUETOOTH_CONNECT&quot;" />
    </annotation>
  </item>
  <item name="android.bluetooth.BluetoothDevice boolean fetchUuidsWithSdp()">
    <annotation name="androidx.annotation.RequiresPermission">
      <val name="value" val="&quot;android.permission.BLUETOOTH_CONNECT&quot;" />
    </annotation>
  </item>
  <item name="android.bluetooth.BluetoothDevice boolean isConnected()">
    <annotation name="androidx.annotation.RequiresPermission">
      <val name="value" val="&quot;android.permission.BLUETOOTH_CONNECT&quot;" />
    </annotation>
  </item>
  <item name="android.bluetooth.BluetoothDevice boolean isEncrypted()">
    <annotation name="androidx.annotation.RequiresPermission">
      <val name="value" val="&quot;android.permission.BLUETOOTH_CONNECT&quot;" />
    </annotation>
  </item>
  <item name="android.bluetooth.BluetoothDevice boolean isInSilenceMode()">
    <annotation name="androidx.annotation.RequiresPermission">
      <val name="allOf" val="{&quot;android.permission.BLUETOOTH_CONNECT&quot;, &quot;android.permission.BLUETOOTH_PRIVILEGED&quot;}" />
    </annotation>
  </item>
  <item name="android.bluetooth.BluetoothDevice boolean removeBond()">
    <annotation name="androidx.annotation.RequiresPermission">
      <val name="value" val="&quot;android.permission.BLUETOOTH_CONNECT&quot;" />
    </annotation>
  </item>
  <item name="android.bluetooth.BluetoothDevice boolean setMessageAccessPermission(int)">
    <annotation name="androidx.annotation.RequiresPermission">
      <val name="allOf" val="{&quot;android.permission.BLUETOOTH_CONNECT&quot;, &quot;android.permission.BLUETOOTH_PRIVILEGED&quot;}" />
    </annotation>
  </item>
  <item name="android.bluetooth.BluetoothDevice boolean setMessageAccessPermission(int) 0">
    <annotation name="androidx.annotation.IntDef">
      <val name="value" val="{android.bluetooth.BluetoothDevice.ACCESS_UNKNOWN, android.bluetooth.BluetoothDevice.ACCESS_ALLOWED, android.bluetooth.BluetoothDevice.ACCESS_REJECTED}" />
    </annotation>
  </item>
  <item name="android.bluetooth.BluetoothDevice boolean setMetadata(int, byte[])">
    <annotation name="androidx.annotation.RequiresPermission">
      <val name="allOf" val="{&quot;android.permission.BLUETOOTH_CONNECT&quot;, &quot;android.permission.BLUETOOTH_PRIVILEGED&quot;}" />
    </annotation>
  </item>
  <item name="android.bluetooth.BluetoothDevice boolean setMetadata(int, byte[]) 0">
    <annotation name="androidx.annotation.IntDef">
      <val name="value" val="{android.bluetooth.BluetoothDevice.METADATA_MANUFACTURER_NAME, android.bluetooth.BluetoothDevice.METADATA_MODEL_NAME, android.bluetooth.BluetoothDevice.METADATA_SOFTWARE_VERSION, android.bluetooth.BluetoothDevice.METADATA_HARDWARE_VERSION, android.bluetooth.BluetoothDevice.METADATA_COMPANION_APP, android.bluetooth.BluetoothDevice.METADATA_MAIN_ICON, android.bluetooth.BluetoothDevice.METADATA_IS_UNTETHERED_HEADSET, android.bluetooth.BluetoothDevice.METADATA_UNTETHERED_LEFT_ICON, android.bluetooth.BluetoothDevice.METADATA_UNTETHERED_RIGHT_ICON, android.bluetooth.BluetoothDevice.METADATA_UNTETHERED_CASE_ICON, android.bluetooth.BluetoothDevice.METADATA_UNTETHERED_LEFT_BATTERY, android.bluetooth.BluetoothDevice.METADATA_UNTETHERED_RIGHT_BATTERY, android.bluetooth.BluetoothDevice.METADATA_UNTETHERED_CASE_BATTERY, android.bluetooth.BluetoothDevice.METADATA_UNTETHERED_LEFT_CHARGING, android.bluetooth.BluetoothDevice.METADATA_UNTETHERED_RIGHT_CHARGING, android.bluetooth.BluetoothDevice.METADATA_UNTETHERED_CASE_CHARGING, android.bluetooth.BluetoothDevice.METADATA_ENHANCED_SETTINGS_UI_URI, android.bluetooth.BluetoothDevice.METADATA_DEVICE_TYPE, android.bluetooth.BluetoothDevice.METADATA_MAIN_BATTERY, android.bluetooth.BluetoothDevice.METADATA_MAIN_CHARGING, android.bluetooth.BluetoothDevice.METADATA_MAIN_LOW_BATTERY_THRESHOLD, android.bluetooth.BluetoothDevice.METADATA_UNTETHERED_LEFT_LOW_BATTERY_THRESHOLD, android.bluetooth.BluetoothDevice.METADATA_UNTETHERED_RIGHT_LOW_BATTERY_THRESHOLD, android.bluetooth.BluetoothDevice.METADATA_UNTETHERED_CASE_LOW_BATTERY_THRESHOLD}" />
    </annotation>
  </item>
  <item name="android.bluetooth.BluetoothDevice boolean setPairingConfirmation(boolean)">
    <annotation name="androidx.annotation.RequiresPermission">
      <val name="allOf" val="{&quot;android.permission.BLUETOOTH_CONNECT&quot;, &quot;android.permission.BLUETOOTH_PRIVILEGED&quot;}" />
    </annotation>
  </item>
  <item name="android.bluetooth.BluetoothDevice boolean setPhonebookAccessPermission(int)">
    <annotation name="androidx.annotation.RequiresPermission">
      <val name="allOf" val="{&quot;android.permission.BLUETOOTH_CONNECT&quot;, &quot;android.permission.BLUETOOTH_PRIVILEGED&quot;}" />
    </annotation>
  </item>
  <item name="android.bluetooth.BluetoothDevice boolean setPhonebookAccessPermission(int) 0">
    <annotation name="androidx.annotation.IntDef">
      <val name="value" val="{android.bluetooth.BluetoothDevice.ACCESS_UNKNOWN, android.bluetooth.BluetoothDevice.ACCESS_ALLOWED, android.bluetooth.BluetoothDevice.ACCESS_REJECTED}" />
    </annotation>
  </item>
  <item name="android.bluetooth.BluetoothDevice boolean setPin(byte[])">
    <annotation name="androidx.annotation.RequiresPermission">
      <val name="value" val="&quot;android.permission.BLUETOOTH_CONNECT&quot;" />
    </annotation>
  </item>
  <item name="android.bluetooth.BluetoothDevice boolean setSilenceMode(boolean)">
    <annotation name="androidx.annotation.RequiresPermission">
      <val name="allOf" val="{&quot;android.permission.BLUETOOTH_CONNECT&quot;, &quot;android.permission.BLUETOOTH_PRIVILEGED&quot;}" />
    </annotation>
  </item>
  <item name="android.bluetooth.BluetoothDevice boolean setSimAccessPermission(int)">
    <annotation name="androidx.annotation.RequiresPermission">
      <val name="allOf" val="{&quot;android.permission.BLUETOOTH_CONNECT&quot;, &quot;android.permission.BLUETOOTH_PRIVILEGED&quot;}" />
    </annotation>
  </item>
  <item name="android.bluetooth.BluetoothDevice byte[] getMetadata(int)">
    <annotation name="androidx.annotation.RequiresPermission">
      <val name="allOf" val="{&quot;android.permission.BLUETOOTH_CONNECT&quot;, &quot;android.permission.BLUETOOTH_PRIVILEGED&quot;}" />
    </annotation>
  </item>
  <item name="android.bluetooth.BluetoothDevice byte[] getMetadata(int) 0">
    <annotation name="androidx.annotation.IntDef">
      <val name="value" val="{android.bluetooth.BluetoothDevice.METADATA_MANUFACTURER_NAME, android.bluetooth.BluetoothDevice.METADATA_MODEL_NAME, android.bluetooth.BluetoothDevice.METADATA_SOFTWARE_VERSION, android.bluetooth.BluetoothDevice.METADATA_HARDWARE_VERSION, android.bluetooth.BluetoothDevice.METADATA_COMPANION_APP, android.bluetooth.BluetoothDevice.METADATA_MAIN_ICON, android.bluetooth.BluetoothDevice.METADATA_IS_UNTETHERED_HEADSET, android.bluetooth.BluetoothDevice.METADATA_UNTETHERED_LEFT_ICON, android.bluetooth.BluetoothDevice.METADATA_UNTETHERED_RIGHT_ICON, android.bluetooth.BluetoothDevice.METADATA_UNTETHERED_CASE_ICON, android.bluetooth.BluetoothDevice.METADATA_UNTETHERED_LEFT_BATTERY, android.bluetooth.BluetoothDevice.METADATA_UNTETHERED_RIGHT_BATTERY, android.bluetooth.BluetoothDevice.METADATA_UNTETHERED_CASE_BATTERY, android.bluetooth.BluetoothDevice.METADATA_UNTETHERED_LEFT_CHARGING, android.bluetooth.BluetoothDevice.METADATA_UNTETHERED_RIGHT_CHARGING, android.bluetooth.BluetoothDevice.METADATA_UNTETHERED_CASE_CHARGING, android.bluetooth.BluetoothDevice.METADATA_ENHANCED_SETTINGS_UI_URI, android.bluetooth.BluetoothDevice.METADATA_DEVICE_TYPE, android.bluetooth.BluetoothDevice.METADATA_MAIN_BATTERY, android.bluetooth.BluetoothDevice.METADATA_MAIN_CHARGING, android.bluetooth.BluetoothDevice.METADATA_MAIN_LOW_BATTERY_THRESHOLD, android.bluetooth.BluetoothDevice.METADATA_UNTETHERED_LEFT_LOW_BATTERY_THRESHOLD, android.bluetooth.BluetoothDevice.METADATA_UNTETHERED_RIGHT_LOW_BATTERY_THRESHOLD, android.bluetooth.BluetoothDevice.METADATA_UNTETHERED_CASE_LOW_BATTERY_THRESHOLD}" />
    </annotation>
  </item>
  <item name="android.bluetooth.BluetoothDevice int getBondState()">
    <annotation name="androidx.annotation.RequiresPermission">
      <val name="value" val="&quot;android.permission.BLUETOOTH_CONNECT&quot;" />
    </annotation>
  </item>
  <item name="android.bluetooth.BluetoothDevice int getSimAccessPermission()">
    <annotation name="androidx.annotation.RequiresPermission">
      <val name="value" val="&quot;android.permission.BLUETOOTH_CONNECT&quot;" />
    </annotation>
    <annotation name="androidx.annotation.IntDef">
      <val name="value" val="{android.bluetooth.BluetoothDevice.ACCESS_UNKNOWN, android.bluetooth.BluetoothDevice.ACCESS_ALLOWED, android.bluetooth.BluetoothDevice.ACCESS_REJECTED}" />
    </annotation>
  </item>
  <item name="android.bluetooth.BluetoothDevice int getType()">
    <annotation name="androidx.annotation.RequiresPermission">
      <val name="value" val="&quot;android.permission.BLUETOOTH_CONNECT&quot;" />
    </annotation>
  </item>
  <item name="android.bluetooth.BluetoothDevice int setAlias(java.lang.String)">
    <annotation name="androidx.annotation.RequiresPermission">
      <val name="value" val="&quot;android.permission.BLUETOOTH_CONNECT&quot;" />
    </annotation>
    <annotation name="androidx.annotation.IntDef">
      <val name="value" val="{android.bluetooth.BluetoothStatusCodes.SUCCESS, android.bluetooth.BluetoothStatusCodes.ERROR_BLUETOOTH_NOT_ENABLED, android.bluetooth.BluetoothStatusCodes.ERROR_BLUETOOTH_NOT_ALLOWED, android.bluetooth.BluetoothStatusCodes.ERROR_MISSING_BLUETOOTH_CONNECT_PERMISSION, android.bluetooth.BluetoothStatusCodes.ERROR_DEVICE_NOT_BONDED}" />
    </annotation>
  </item>
  <item name="android.bluetooth.BluetoothDevice java.lang.String getAlias()">
    <annotation name="androidx.annotation.RequiresPermission">
      <val name="value" val="&quot;android.permission.BLUETOOTH_CONNECT&quot;" />
    </annotation>
  </item>
  <item name="android.bluetooth.BluetoothDevice java.lang.String getName()">
    <annotation name="androidx.annotation.RequiresPermission">
      <val name="value" val="&quot;android.permission.BLUETOOTH_CONNECT&quot;" />
    </annotation>
  </item>
  <item name="android.bluetooth.BluetoothGatt boolean beginReliableWrite()">
    <annotation name="androidx.annotation.RequiresPermission">
      <val name="value" val="&quot;android.permission.BLUETOOTH_CONNECT&quot;" />
    </annotation>
  </item>
  <item name="android.bluetooth.BluetoothGatt boolean connect()">
    <annotation name="androidx.annotation.RequiresPermission">
      <val name="value" val="&quot;android.permission.BLUETOOTH_CONNECT&quot;" />
    </annotation>
  </item>
  <item name="android.bluetooth.BluetoothGatt boolean discoverServices()">
    <annotation name="androidx.annotation.RequiresPermission">
      <val name="value" val="&quot;android.permission.BLUETOOTH_CONNECT&quot;" />
    </annotation>
  </item>
  <item name="android.bluetooth.BluetoothGatt boolean executeReliableWrite()">
    <annotation name="androidx.annotation.RequiresPermission">
      <val name="value" val="&quot;android.permission.BLUETOOTH_CONNECT&quot;" />
    </annotation>
  </item>
  <item name="android.bluetooth.BluetoothGatt boolean readCharacteristic(android.bluetooth.BluetoothGattCharacteristic)">
    <annotation name="androidx.annotation.RequiresPermission">
      <val name="value" val="&quot;android.permission.BLUETOOTH_CONNECT&quot;" />
    </annotation>
  </item>
  <item name="android.bluetooth.BluetoothGatt boolean readDescriptor(android.bluetooth.BluetoothGattDescriptor)">
    <annotation name="androidx.annotation.RequiresPermission">
      <val name="value" val="&quot;android.permission.BLUETOOTH_CONNECT&quot;" />
    </annotation>
  </item>
  <item name="android.bluetooth.BluetoothGatt boolean readRemoteRssi()">
    <annotation name="androidx.annotation.RequiresPermission">
      <val name="value" val="&quot;android.permission.BLUETOOTH_CONNECT&quot;" />
    </annotation>
  </item>
  <item name="android.bluetooth.BluetoothGatt boolean requestConnectionPriority(int)">
    <annotation name="androidx.annotation.RequiresPermission">
      <val name="value" val="&quot;android.permission.BLUETOOTH_CONNECT&quot;" />
    </annotation>
  </item>
  <item name="android.bluetooth.BluetoothGatt boolean requestMtu(int)">
    <annotation name="androidx.annotation.RequiresPermission">
      <val name="value" val="&quot;android.permission.BLUETOOTH_CONNECT&quot;" />
    </annotation>
  </item>
  <item name="android.bluetooth.BluetoothGatt boolean setCharacteristicNotification(android.bluetooth.BluetoothGattCharacteristic, boolean)">
    <annotation name="androidx.annotation.RequiresPermission">
      <val name="value" val="&quot;android.permission.BLUETOOTH_CONNECT&quot;" />
    </annotation>
  </item>
  <item name="android.bluetooth.BluetoothGatt boolean writeCharacteristic(android.bluetooth.BluetoothGattCharacteristic)">
    <annotation name="androidx.annotation.RequiresPermission">
      <val name="value" val="&quot;android.permission.BLUETOOTH_CONNECT&quot;" />
    </annotation>
  </item>
  <item name="android.bluetooth.BluetoothGatt boolean writeDescriptor(android.bluetooth.BluetoothGattDescriptor)">
    <annotation name="androidx.annotation.RequiresPermission">
      <val name="value" val="&quot;android.permission.BLUETOOTH_CONNECT&quot;" />
    </annotation>
  </item>
  <item name="android.bluetooth.BluetoothGatt void abortReliableWrite()">
    <annotation name="androidx.annotation.RequiresPermission">
      <val name="value" val="&quot;android.permission.BLUETOOTH_CONNECT&quot;" />
    </annotation>
  </item>
  <item name="android.bluetooth.BluetoothGatt void abortReliableWrite(android.bluetooth.BluetoothDevice)">
    <annotation name="androidx.annotation.RequiresPermission">
      <val name="value" val="&quot;android.permission.BLUETOOTH_CONNECT&quot;" />
    </annotation>
  </item>
  <item name="android.bluetooth.BluetoothGatt void close()">
    <annotation name="androidx.annotation.RequiresPermission">
      <val name="value" val="&quot;android.permission.BLUETOOTH_CONNECT&quot;" />
    </annotation>
  </item>
  <item name="android.bluetooth.BluetoothGatt void disconnect()">
    <annotation name="androidx.annotation.RequiresPermission">
      <val name="value" val="&quot;android.permission.BLUETOOTH_CONNECT&quot;" />
    </annotation>
  </item>
  <item name="android.bluetooth.BluetoothGatt void readPhy()">
    <annotation name="androidx.annotation.RequiresPermission">
      <val name="value" val="&quot;android.permission.BLUETOOTH_CONNECT&quot;" />
    </annotation>
  </item>
  <item name="android.bluetooth.BluetoothGatt void setPreferredPhy(int, int, int)">
    <annotation name="androidx.annotation.RequiresPermission">
      <val name="value" val="&quot;android.permission.BLUETOOTH_CONNECT&quot;" />
    </annotation>
  </item>
  <item name="android.bluetooth.BluetoothGattServer boolean addService(android.bluetooth.BluetoothGattService)">
    <annotation name="androidx.annotation.RequiresPermission">
      <val name="value" val="&quot;android.permission.BLUETOOTH_CONNECT&quot;" />
    </annotation>
  </item>
  <item name="android.bluetooth.BluetoothGattServer boolean connect(android.bluetooth.BluetoothDevice, boolean)">
    <annotation name="androidx.annotation.RequiresPermission">
      <val name="value" val="&quot;android.permission.BLUETOOTH_CONNECT&quot;" />
    </annotation>
  </item>
  <item name="android.bluetooth.BluetoothGattServer boolean notifyCharacteristicChanged(android.bluetooth.BluetoothDevice, android.bluetooth.BluetoothGattCharacteristic, boolean)">
    <annotation name="androidx.annotation.RequiresPermission">
      <val name="value" val="&quot;android.permission.BLUETOOTH_CONNECT&quot;" />
    </annotation>
  </item>
  <item name="android.bluetooth.BluetoothGattServer boolean removeService(android.bluetooth.BluetoothGattService)">
    <annotation name="androidx.annotation.RequiresPermission">
      <val name="value" val="&quot;android.permission.BLUETOOTH_CONNECT&quot;" />
    </annotation>
  </item>
  <item name="android.bluetooth.BluetoothGattServer boolean sendResponse(android.bluetooth.BluetoothDevice, int, int, int, byte[])">
    <annotation name="androidx.annotation.RequiresPermission">
      <val name="value" val="&quot;android.permission.BLUETOOTH_CONNECT&quot;" />
    </annotation>
  </item>
  <item name="android.bluetooth.BluetoothGattServer void cancelConnection(android.bluetooth.BluetoothDevice)">
    <annotation name="androidx.annotation.RequiresPermission">
      <val name="value" val="&quot;android.permission.BLUETOOTH_CONNECT&quot;" />
    </annotation>
  </item>
  <item name="android.bluetooth.BluetoothGattServer void clearServices()">
    <annotation name="androidx.annotation.RequiresPermission">
      <val name="value" val="&quot;android.permission.BLUETOOTH_CONNECT&quot;" />
    </annotation>
  </item>
  <item name="android.bluetooth.BluetoothGattServer void close()">
    <annotation name="androidx.annotation.RequiresPermission">
      <val name="value" val="&quot;android.permission.BLUETOOTH_CONNECT&quot;" />
    </annotation>
  </item>
  <item name="android.bluetooth.BluetoothGattServer void readPhy(android.bluetooth.BluetoothDevice)">
    <annotation name="androidx.annotation.RequiresPermission">
      <val name="value" val="&quot;android.permission.BLUETOOTH_CONNECT&quot;" />
    </annotation>
  </item>
  <item name="android.bluetooth.BluetoothGattServer void setPreferredPhy(android.bluetooth.BluetoothDevice, int, int, int)">
    <annotation name="androidx.annotation.RequiresPermission">
      <val name="value" val="&quot;android.permission.BLUETOOTH_CONNECT&quot;" />
    </annotation>
  </item>
  <item name="android.bluetooth.BluetoothHeadset ACTION_AUDIO_STATE_CHANGED">
    <annotation name="androidx.annotation.RequiresPermission">
      <val name="value" val="&quot;android.permission.BLUETOOTH_CONNECT&quot;" />
    </annotation>
  </item>
  <item name="android.bluetooth.BluetoothHeadset ACTION_CONNECTION_STATE_CHANGED">
    <annotation name="androidx.annotation.RequiresPermission">
      <val name="value" val="&quot;android.permission.BLUETOOTH_CONNECT&quot;" />
    </annotation>
  </item>
  <item name="android.bluetooth.BluetoothHeadset ACTION_VENDOR_SPECIFIC_HEADSET_EVENT">
    <annotation name="androidx.annotation.RequiresPermission">
      <val name="value" val="&quot;android.permission.BLUETOOTH_CONNECT&quot;" />
    </annotation>
  </item>
  <item name="android.bluetooth.BluetoothHeadset boolean connect(android.bluetooth.BluetoothDevice)">
    <annotation name="androidx.annotation.RequiresPermission">
      <val name="allOf" val="{&quot;android.permission.BLUETOOTH_CONNECT&quot;, &quot;android.permission.MODIFY_PHONE_STATE&quot;}" />
    </annotation>
  </item>
  <item name="android.bluetooth.BluetoothHeadset boolean disconnect(android.bluetooth.BluetoothDevice)">
    <annotation name="androidx.annotation.RequiresPermission">
      <val name="value" val="&quot;android.permission.BLUETOOTH_CONNECT&quot;" />
    </annotation>
  </item>
  <item name="android.bluetooth.BluetoothHeadset boolean isAudioConnected(android.bluetooth.BluetoothDevice)">
    <annotation name="androidx.annotation.RequiresPermission">
      <val name="value" val="&quot;android.permission.BLUETOOTH_CONNECT&quot;" />
    </annotation>
  </item>
  <item name="android.bluetooth.BluetoothHeadset boolean isNoiseReductionSupported(android.bluetooth.BluetoothDevice)">
    <annotation name="androidx.annotation.RequiresPermission">
      <val name="value" val="&quot;android.permission.BLUETOOTH_CONNECT&quot;" />
    </annotation>
  </item>
  <item name="android.bluetooth.BluetoothHeadset boolean isVoiceRecognitionSupported(android.bluetooth.BluetoothDevice)">
    <annotation name="androidx.annotation.RequiresPermission">
      <val name="value" val="&quot;android.permission.BLUETOOTH_CONNECT&quot;" />
    </annotation>
  </item>
  <item name="android.bluetooth.BluetoothHeadset boolean sendVendorSpecificResultCode(android.bluetooth.BluetoothDevice, java.lang.String, java.lang.String)">
    <annotation name="androidx.annotation.RequiresPermission">
      <val name="value" val="&quot;android.permission.BLUETOOTH_CONNECT&quot;" />
    </annotation>
  </item>
  <item name="android.bluetooth.BluetoothHeadset boolean setConnectionPolicy(android.bluetooth.BluetoothDevice, int)">
    <annotation name="androidx.annotation.RequiresPermission">
      <val name="allOf" val="{&quot;android.permission.BLUETOOTH_CONNECT&quot;, &quot;android.permission.BLUETOOTH_PRIVILEGED&quot;, &quot;android.permission.MODIFY_PHONE_STATE&quot;}" />
    </annotation>
  </item>
  <item name="android.bluetooth.BluetoothHeadset boolean setConnectionPolicy(android.bluetooth.BluetoothDevice, int) 1">
    <annotation name="androidx.annotation.IntDef">
      <val name="value" val="{android.bluetooth.BluetoothProfile.CONNECTION_POLICY_ALLOWED, android.bluetooth.BluetoothProfile.CONNECTION_POLICY_FORBIDDEN, android.bluetooth.BluetoothProfile.CONNECTION_POLICY_UNKNOWN}" />
    </annotation>
  </item>
  <item name="android.bluetooth.BluetoothHeadset boolean startVoiceRecognition(android.bluetooth.BluetoothDevice)">
    <annotation name="androidx.annotation.RequiresPermission">
      <val name="allOf" val="{&quot;android.permission.BLUETOOTH_CONNECT&quot;, &quot;android.permission.MODIFY_PHONE_STATE&quot;}" />
    </annotation>
  </item>
  <item name="android.bluetooth.BluetoothHeadset boolean stopVoiceRecognition(android.bluetooth.BluetoothDevice)">
    <annotation name="androidx.annotation.RequiresPermission">
      <val name="value" val="&quot;android.permission.BLUETOOTH_CONNECT&quot;" />
    </annotation>
  </item>
  <item name="android.bluetooth.BluetoothHeadset int getConnectionPolicy(android.bluetooth.BluetoothDevice)">
    <annotation name="androidx.annotation.RequiresPermission">
      <val name="allOf" val="{&quot;android.permission.BLUETOOTH_CONNECT&quot;, &quot;android.permission.BLUETOOTH_PRIVILEGED&quot;}" />
    </annotation>
    <annotation name="androidx.annotation.IntDef">
      <val name="value" val="{android.bluetooth.BluetoothProfile.CONNECTION_POLICY_ALLOWED, android.bluetooth.BluetoothProfile.CONNECTION_POLICY_FORBIDDEN, android.bluetooth.BluetoothProfile.CONNECTION_POLICY_UNKNOWN}" />
    </annotation>
  </item>
  <item name="android.bluetooth.BluetoothHeadset int getConnectionState(android.bluetooth.BluetoothDevice)">
    <annotation name="androidx.annotation.RequiresPermission">
      <val name="value" val="&quot;android.permission.BLUETOOTH_CONNECT&quot;" />
    </annotation>
  </item>
  <item name="android.bluetooth.BluetoothHeadset java.util.List&lt;android.bluetooth.BluetoothDevice&gt; getConnectedDevices()">
    <annotation name="androidx.annotation.RequiresPermission">
      <val name="value" val="&quot;android.permission.BLUETOOTH_CONNECT&quot;" />
    </annotation>
  </item>
  <item name="android.bluetooth.BluetoothHeadset java.util.List&lt;android.bluetooth.BluetoothDevice&gt; getDevicesMatchingConnectionStates(int[])">
    <annotation name="androidx.annotation.RequiresPermission">
      <val name="value" val="&quot;android.permission.BLUETOOTH_CONNECT&quot;" />
    </annotation>
  </item>
  <item name="android.bluetooth.BluetoothHealth android.os.ParcelFileDescriptor getMainChannelFd(android.bluetooth.BluetoothDevice, android.bluetooth.BluetoothHealthAppConfiguration)">
    <annotation name="androidx.annotation.RequiresPermission">
      <val name="value" val="&quot;android.permission.BLUETOOTH_CONNECT&quot;" />
    </annotation>
  </item>
  <item name="android.bluetooth.BluetoothHealth boolean connectChannelToSource(android.bluetooth.BluetoothDevice, android.bluetooth.BluetoothHealthAppConfiguration)">
    <annotation name="androidx.annotation.RequiresPermission">
      <val name="value" val="&quot;android.permission.BLUETOOTH_CONNECT&quot;" />
    </annotation>
  </item>
  <item name="android.bluetooth.BluetoothHealth boolean disconnectChannel(android.bluetooth.BluetoothDevice, android.bluetooth.BluetoothHealthAppConfiguration, int)">
    <annotation name="androidx.annotation.RequiresPermission">
      <val name="value" val="&quot;android.permission.BLUETOOTH_CONNECT&quot;" />
    </annotation>
  </item>
  <item name="android.bluetooth.BluetoothHealth boolean registerSinkAppConfiguration(java.lang.String, int, android.bluetooth.BluetoothHealthCallback)">
    <annotation name="androidx.annotation.RequiresPermission">
      <val name="value" val="&quot;android.permission.BLUETOOTH_CONNECT&quot;" />
    </annotation>
  </item>
  <item name="android.bluetooth.BluetoothHealth boolean unregisterAppConfiguration(android.bluetooth.BluetoothHealthAppConfiguration)">
    <annotation name="androidx.annotation.RequiresPermission">
      <val name="value" val="&quot;android.permission.BLUETOOTH_CONNECT&quot;" />
    </annotation>
  </item>
  <item name="android.bluetooth.BluetoothHealth int getConnectionState(android.bluetooth.BluetoothDevice)">
    <annotation name="androidx.annotation.RequiresPermission">
      <val name="value" val="&quot;android.permission.BLUETOOTH_CONNECT&quot;" />
    </annotation>
  </item>
  <item name="android.bluetooth.BluetoothHealth java.util.List&lt;android.bluetooth.BluetoothDevice&gt; getConnectedDevices()">
    <annotation name="androidx.annotation.RequiresPermission">
      <val name="value" val="&quot;android.permission.BLUETOOTH_CONNECT&quot;" />
    </annotation>
  </item>
  <item name="android.bluetooth.BluetoothHealth java.util.List&lt;android.bluetooth.BluetoothDevice&gt; getDevicesMatchingConnectionStates(int[])">
    <annotation name="androidx.annotation.RequiresPermission">
      <val name="value" val="&quot;android.permission.BLUETOOTH_CONNECT&quot;" />
    </annotation>
  </item>
  <item name="android.bluetooth.BluetoothHealthCallback void onHealthAppConfigurationStatusChange(android.bluetooth.BluetoothHealthAppConfiguration, int)">
    <annotation name="androidx.annotation.BinderThread"/>
  </item>
  <item name="android.bluetooth.BluetoothHealthCallback void onHealthChannelStateChange(android.bluetooth.BluetoothHealthAppConfiguration, android.bluetooth.BluetoothDevice, int, int, android.os.ParcelFileDescriptor, int)">
    <annotation name="androidx.annotation.BinderThread"/>
  </item>
  <item name="android.bluetooth.BluetoothHearingAid ACTION_CONNECTION_STATE_CHANGED">
    <annotation name="androidx.annotation.RequiresPermission">
      <val name="value" val="&quot;android.permission.BLUETOOTH_CONNECT&quot;" />
    </annotation>
  </item>
  <item name="android.bluetooth.BluetoothHearingAid boolean setConnectionPolicy(android.bluetooth.BluetoothDevice, int)">
    <annotation name="androidx.annotation.RequiresPermission">
      <val name="allOf" val="{&quot;android.permission.BLUETOOTH_CONNECT&quot;, &quot;android.permission.BLUETOOTH_PRIVILEGED&quot;}" />
    </annotation>
  </item>
  <item name="android.bluetooth.BluetoothHearingAid boolean setConnectionPolicy(android.bluetooth.BluetoothDevice, int) 1">
    <annotation name="androidx.annotation.IntDef">
      <val name="value" val="{android.bluetooth.BluetoothProfile.CONNECTION_POLICY_ALLOWED, android.bluetooth.BluetoothProfile.CONNECTION_POLICY_FORBIDDEN, android.bluetooth.BluetoothProfile.CONNECTION_POLICY_UNKNOWN}" />
    </annotation>
  </item>
  <item name="android.bluetooth.BluetoothHearingAid int getConnectionPolicy(android.bluetooth.BluetoothDevice)">
    <annotation name="androidx.annotation.RequiresPermission">
      <val name="allOf" val="{&quot;android.permission.BLUETOOTH_CONNECT&quot;, &quot;android.permission.BLUETOOTH_PRIVILEGED&quot;}" />
    </annotation>
    <annotation name="androidx.annotation.IntDef">
      <val name="value" val="{android.bluetooth.BluetoothProfile.CONNECTION_POLICY_ALLOWED, android.bluetooth.BluetoothProfile.CONNECTION_POLICY_FORBIDDEN, android.bluetooth.BluetoothProfile.CONNECTION_POLICY_UNKNOWN}" />
    </annotation>
  </item>
  <item name="android.bluetooth.BluetoothHearingAid int getConnectionState(android.bluetooth.BluetoothDevice)">
    <annotation name="androidx.annotation.RequiresPermission">
      <val name="value" val="&quot;android.permission.BLUETOOTH_CONNECT&quot;" />
    </annotation>
    <annotation name="androidx.annotation.IntDef">
      <val name="value" val="{android.bluetooth.BluetoothProfile.STATE_DISCONNECTED, android.bluetooth.BluetoothProfile.STATE_CONNECTING, android.bluetooth.BluetoothProfile.STATE_CONNECTED, android.bluetooth.BluetoothProfile.STATE_DISCONNECTING}" />
    </annotation>
  </item>
  <item name="android.bluetooth.BluetoothHearingAid java.util.List&lt;android.bluetooth.BluetoothDevice&gt; getConnectedDevices()">
    <annotation name="androidx.annotation.RequiresPermission">
      <val name="value" val="&quot;android.permission.BLUETOOTH_CONNECT&quot;" />
    </annotation>
  </item>
  <item name="android.bluetooth.BluetoothHearingAid java.util.List&lt;android.bluetooth.BluetoothDevice&gt; getDevicesMatchingConnectionStates(int[])">
    <annotation name="androidx.annotation.RequiresPermission">
      <val name="value" val="&quot;android.permission.BLUETOOTH_CONNECT&quot;" />
    </annotation>
  </item>
  <item name="android.bluetooth.BluetoothHearingAid long getHiSyncId(android.bluetooth.BluetoothDevice)">
    <annotation name="androidx.annotation.RequiresPermission">
      <val name="allOf" val="{&quot;android.permission.BLUETOOTH_CONNECT&quot;, &quot;android.permission.BLUETOOTH_PRIVILEGED&quot;}" />
    </annotation>
  </item>
  <item name="android.bluetooth.BluetoothHidDevice ACTION_CONNECTION_STATE_CHANGED">
    <annotation name="androidx.annotation.RequiresPermission">
      <val name="value" val="&quot;android.permission.BLUETOOTH_CONNECT&quot;" />
    </annotation>
  </item>
  <item name="android.bluetooth.BluetoothHidDevice boolean connect(android.bluetooth.BluetoothDevice)">
    <annotation name="androidx.annotation.RequiresPermission">
      <val name="value" val="&quot;android.permission.BLUETOOTH_CONNECT&quot;" />
    </annotation>
  </item>
  <item name="android.bluetooth.BluetoothHidDevice boolean disconnect(android.bluetooth.BluetoothDevice)">
    <annotation name="androidx.annotation.RequiresPermission">
      <val name="value" val="&quot;android.permission.BLUETOOTH_CONNECT&quot;" />
    </annotation>
  </item>
  <item name="android.bluetooth.BluetoothHidDevice boolean registerApp(android.bluetooth.BluetoothHidDeviceAppSdpSettings, android.bluetooth.BluetoothHidDeviceAppQosSettings, android.bluetooth.BluetoothHidDeviceAppQosSettings, java.util.concurrent.Executor, android.bluetooth.BluetoothHidDevice.Callback)">
    <annotation name="androidx.annotation.RequiresPermission">
      <val name="value" val="&quot;android.permission.BLUETOOTH_CONNECT&quot;" />
    </annotation>
  </item>
  <item name="android.bluetooth.BluetoothHidDevice boolean replyReport(android.bluetooth.BluetoothDevice, byte, byte, byte[])">
    <annotation name="androidx.annotation.RequiresPermission">
      <val name="value" val="&quot;android.permission.BLUETOOTH_CONNECT&quot;" />
    </annotation>
  </item>
  <item name="android.bluetooth.BluetoothHidDevice boolean reportError(android.bluetooth.BluetoothDevice, byte)">
    <annotation name="androidx.annotation.RequiresPermission">
      <val name="value" val="&quot;android.permission.BLUETOOTH_CONNECT&quot;" />
    </annotation>
  </item>
  <item name="android.bluetooth.BluetoothHidDevice boolean sendReport(android.bluetooth.BluetoothDevice, int, byte[])">
    <annotation name="androidx.annotation.RequiresPermission">
      <val name="value" val="&quot;android.permission.BLUETOOTH_CONNECT&quot;" />
    </annotation>
  </item>
  <item name="android.bluetooth.BluetoothHidDevice boolean setConnectionPolicy(android.bluetooth.BluetoothDevice, int)">
    <annotation name="androidx.annotation.RequiresPermission">
      <val name="allOf" val="{&quot;android.permission.BLUETOOTH_CONNECT&quot;, &quot;android.permission.BLUETOOTH_PRIVILEGED&quot;}" />
    </annotation>
  </item>
  <item name="android.bluetooth.BluetoothHidDevice boolean setConnectionPolicy(android.bluetooth.BluetoothDevice, int) 1">
    <annotation name="androidx.annotation.IntDef">
      <val name="value" val="{android.bluetooth.BluetoothProfile.CONNECTION_POLICY_ALLOWED, android.bluetooth.BluetoothProfile.CONNECTION_POLICY_FORBIDDEN, android.bluetooth.BluetoothProfile.CONNECTION_POLICY_UNKNOWN}" />
    </annotation>
  </item>
  <item name="android.bluetooth.BluetoothHidDevice boolean unregisterApp()">
    <annotation name="androidx.annotation.RequiresPermission">
      <val name="value" val="&quot;android.permission.BLUETOOTH_CONNECT&quot;" />
    </annotation>
  </item>
  <item name="android.bluetooth.BluetoothHidDevice int getConnectionState(android.bluetooth.BluetoothDevice)">
    <annotation name="androidx.annotation.RequiresPermission">
      <val name="value" val="&quot;android.permission.BLUETOOTH_CONNECT&quot;" />
    </annotation>
  </item>
  <item name="android.bluetooth.BluetoothHidDevice java.util.List&lt;android.bluetooth.BluetoothDevice&gt; getConnectedDevices()">
    <annotation name="androidx.annotation.RequiresPermission">
      <val name="value" val="&quot;android.permission.BLUETOOTH_CONNECT&quot;" />
    </annotation>
  </item>
  <item name="android.bluetooth.BluetoothHidDevice java.util.List&lt;android.bluetooth.BluetoothDevice&gt; getDevicesMatchingConnectionStates(int[])">
    <annotation name="androidx.annotation.RequiresPermission">
      <val name="value" val="&quot;android.permission.BLUETOOTH_CONNECT&quot;" />
    </annotation>
  </item>
  <item name="android.bluetooth.BluetoothHidHost ACTION_CONNECTION_STATE_CHANGED">
    <annotation name="androidx.annotation.RequiresPermission">
      <val name="value" val="&quot;android.permission.BLUETOOTH_CONNECT&quot;" />
    </annotation>
  </item>
  <item name="android.bluetooth.BluetoothHidHost boolean setConnectionPolicy(android.bluetooth.BluetoothDevice, int)">
    <annotation name="androidx.annotation.RequiresPermission">
      <val name="allOf" val="{&quot;android.permission.BLUETOOTH_CONNECT&quot;, &quot;android.permission.BLUETOOTH_PRIVILEGED&quot;}" />
    </annotation>
  </item>
  <item name="android.bluetooth.BluetoothHidHost boolean setConnectionPolicy(android.bluetooth.BluetoothDevice, int) 1">
    <annotation name="androidx.annotation.IntDef">
      <val name="value" val="{android.bluetooth.BluetoothProfile.CONNECTION_POLICY_ALLOWED, android.bluetooth.BluetoothProfile.CONNECTION_POLICY_FORBIDDEN, android.bluetooth.BluetoothProfile.CONNECTION_POLICY_UNKNOWN}" />
    </annotation>
  </item>
  <item name="android.bluetooth.BluetoothHidHost int getConnectionPolicy(android.bluetooth.BluetoothDevice)">
    <annotation name="androidx.annotation.RequiresPermission">
      <val name="allOf" val="{&quot;android.permission.BLUETOOTH_CONNECT&quot;, &quot;android.permission.BLUETOOTH_PRIVILEGED&quot;}" />
    </annotation>
    <annotation name="androidx.annotation.IntDef">
      <val name="value" val="{android.bluetooth.BluetoothProfile.CONNECTION_POLICY_ALLOWED, android.bluetooth.BluetoothProfile.CONNECTION_POLICY_FORBIDDEN, android.bluetooth.BluetoothProfile.CONNECTION_POLICY_UNKNOWN}" />
    </annotation>
  </item>
  <item name="android.bluetooth.BluetoothHidHost int getConnectionState(android.bluetooth.BluetoothDevice)">
    <annotation name="androidx.annotation.RequiresPermission">
      <val name="value" val="&quot;android.permission.BLUETOOTH_CONNECT&quot;" />
    </annotation>
  </item>
  <item name="android.bluetooth.BluetoothHidHost java.util.List&lt;android.bluetooth.BluetoothDevice&gt; getConnectedDevices()">
    <annotation name="androidx.annotation.RequiresPermission">
      <val name="value" val="&quot;android.permission.BLUETOOTH_CONNECT&quot;" />
    </annotation>
  </item>
  <item name="android.bluetooth.BluetoothLeAudio ACTION_LE_AUDIO_CONNECTION_STATE_CHANGED">
    <annotation name="androidx.annotation.RequiresPermission">
      <val name="value" val="&quot;android.permission.BLUETOOTH_CONNECT&quot;" />
    </annotation>
  </item>
  <item name="android.bluetooth.BluetoothLeAudio int getConnectionState(android.bluetooth.BluetoothDevice)">
    <annotation name="androidx.annotation.RequiresPermission">
      <val name="value" val="&quot;android.permission.BLUETOOTH_CONNECT&quot;" />
    </annotation>
    <annotation name="androidx.annotation.IntDef">
      <val name="value" val="{android.bluetooth.BluetoothProfile.STATE_DISCONNECTED, android.bluetooth.BluetoothProfile.STATE_CONNECTING, android.bluetooth.BluetoothProfile.STATE_CONNECTED, android.bluetooth.BluetoothProfile.STATE_DISCONNECTING}" />
    </annotation>
  </item>
  <item name="android.bluetooth.BluetoothLeAudio java.util.List&lt;android.bluetooth.BluetoothDevice&gt; getConnectedDevices()">
    <annotation name="androidx.annotation.RequiresPermission">
      <val name="value" val="&quot;android.permission.BLUETOOTH_CONNECT&quot;" />
    </annotation>
  </item>
  <item name="android.bluetooth.BluetoothLeAudio java.util.List&lt;android.bluetooth.BluetoothDevice&gt; getDevicesMatchingConnectionStates(int[])">
    <annotation name="androidx.annotation.RequiresPermission">
      <val name="value" val="&quot;android.permission.BLUETOOTH_CONNECT&quot;" />
    </annotation>
  </item>
  <item name="android.bluetooth.BluetoothManager android.bluetooth.BluetoothGattServer openGattServer(android.content.Context, android.bluetooth.BluetoothGattServerCallback)">
    <annotation name="androidx.annotation.RequiresPermission">
      <val name="value" val="&quot;android.permission.BLUETOOTH_CONNECT&quot;" />
    </annotation>
  </item>
  <item name="android.bluetooth.BluetoothManager int getConnectionState(android.bluetooth.BluetoothDevice, int)">
    <annotation name="androidx.annotation.RequiresPermission">
      <val name="value" val="&quot;android.permission.BLUETOOTH_CONNECT&quot;" />
    </annotation>
  </item>
  <item name="android.bluetooth.BluetoothManager java.util.List&lt;android.bluetooth.BluetoothDevice&gt; getConnectedDevices(int)">
    <annotation name="androidx.annotation.RequiresPermission">
      <val name="value" val="&quot;android.permission.BLUETOOTH_CONNECT&quot;" />
    </annotation>
  </item>
  <item name="android.bluetooth.BluetoothManager java.util.List&lt;android.bluetooth.BluetoothDevice&gt; getDevicesMatchingConnectionStates(int, int[])">
    <annotation name="androidx.annotation.RequiresPermission">
      <val name="value" val="&quot;android.permission.BLUETOOTH_CONNECT&quot;" />
    </annotation>
  </item>
  <item name="android.bluetooth.BluetoothMap ACTION_CONNECTION_STATE_CHANGED">
    <annotation name="androidx.annotation.RequiresPermission">
      <val name="value" val="&quot;android.permission.BLUETOOTH_CONNECT&quot;" />
    </annotation>
  </item>
  <item name="android.bluetooth.BluetoothMap boolean setConnectionPolicy(android.bluetooth.BluetoothDevice, int)">
    <annotation name="androidx.annotation.RequiresPermission">
      <val name="allOf" val="{&quot;android.permission.BLUETOOTH_CONNECT&quot;, &quot;android.permission.BLUETOOTH_PRIVILEGED&quot;}" />
    </annotation>
  </item>
  <item name="android.bluetooth.BluetoothMap boolean setConnectionPolicy(android.bluetooth.BluetoothDevice, int) 1">
    <annotation name="androidx.annotation.IntDef">
      <val name="value" val="{android.bluetooth.BluetoothProfile.CONNECTION_POLICY_ALLOWED, android.bluetooth.BluetoothProfile.CONNECTION_POLICY_FORBIDDEN, android.bluetooth.BluetoothProfile.CONNECTION_POLICY_UNKNOWN}" />
    </annotation>
  </item>
  <item name="android.bluetooth.BluetoothMap int getConnectionPolicy(android.bluetooth.BluetoothDevice)">
    <annotation name="androidx.annotation.RequiresPermission">
      <val name="allOf" val="{&quot;android.permission.BLUETOOTH_CONNECT&quot;, &quot;android.permission.BLUETOOTH_PRIVILEGED&quot;}" />
    </annotation>
    <annotation name="androidx.annotation.IntDef">
      <val name="value" val="{android.bluetooth.BluetoothProfile.CONNECTION_POLICY_ALLOWED, android.bluetooth.BluetoothProfile.CONNECTION_POLICY_FORBIDDEN, android.bluetooth.BluetoothProfile.CONNECTION_POLICY_UNKNOWN}" />
    </annotation>
  </item>
  <item name="android.bluetooth.BluetoothMap java.util.List&lt;android.bluetooth.BluetoothDevice&gt; getConnectedDevices()">
    <annotation name="androidx.annotation.RequiresPermission">
      <val name="allOf" val="{&quot;android.permission.BLUETOOTH_CONNECT&quot;, &quot;android.permission.BLUETOOTH_PRIVILEGED&quot;}" />
    </annotation>
  </item>
  <item name="android.bluetooth.BluetoothMapClient boolean sendMessage(android.bluetooth.BluetoothDevice, java.util.Collection<android.net.Uri>, java.lang.String, android.app.PendingIntent, android.app.PendingIntent)">
    <annotation name="androidx.annotation.RequiresPermission">
      <val name="allOf" val="{&quot;android.permission.BLUETOOTH_CONNECT&quot;, &quot;android.permission.SEND_SMS&quot;}" />
    </annotation>
  </item>
  <item name="android.bluetooth.BluetoothPan ACTION_CONNECTION_STATE_CHANGED">
    <annotation name="androidx.annotation.RequiresPermission">
      <val name="value" val="&quot;android.permission.BLUETOOTH_CONNECT&quot;" />
    </annotation>
  </item>
  <item name="android.bluetooth.BluetoothPan boolean isTetheringOn()">
    <annotation name="androidx.annotation.RequiresPermission">
      <val name="value" val="&quot;android.permission.BLUETOOTH_CONNECT&quot;" />
    </annotation>
  </item>
  <item name="android.bluetooth.BluetoothPan boolean setConnectionPolicy(android.bluetooth.BluetoothDevice, int)">
    <annotation name="androidx.annotation.RequiresPermission">
      <val name="allOf" val="{&quot;android.permission.BLUETOOTH_CONNECT&quot;, &quot;android.permission.BLUETOOTH_PRIVILEGED&quot;}" />
    </annotation>
  </item>
  <item name="android.bluetooth.BluetoothPan boolean setConnectionPolicy(android.bluetooth.BluetoothDevice, int) 1">
    <annotation name="androidx.annotation.IntDef">
      <val name="value" val="{android.bluetooth.BluetoothProfile.CONNECTION_POLICY_ALLOWED, android.bluetooth.BluetoothProfile.CONNECTION_POLICY_FORBIDDEN, android.bluetooth.BluetoothProfile.CONNECTION_POLICY_UNKNOWN}" />
    </annotation>
  </item>
  <item name="android.bluetooth.BluetoothPan int getConnectionState(android.bluetooth.BluetoothDevice)">
    <annotation name="androidx.annotation.RequiresPermission">
      <val name="allOf" val="{&quot;android.permission.BLUETOOTH_CONNECT&quot;, &quot;android.permission.BLUETOOTH_PRIVILEGED&quot;}" />
    </annotation>
  </item>
  <item name="android.bluetooth.BluetoothPan java.util.List&lt;android.bluetooth.BluetoothDevice&gt; getConnectedDevices()">
    <annotation name="androidx.annotation.RequiresPermission">
      <val name="allOf" val="{&quot;android.permission.BLUETOOTH_CONNECT&quot;, &quot;android.permission.BLUETOOTH_PRIVILEGED&quot;}" />
    </annotation>
  </item>
  <item name="android.bluetooth.BluetoothPan void setBluetoothTethering(boolean)">
    <annotation name="androidx.annotation.RequiresPermission">
      <val name="allOf" val="{&quot;android.permission.BLUETOOTH_CONNECT&quot;, &quot;android.permission.BLUETOOTH_PRIVILEGED&quot;, &quot;android.permission.TETHER_PRIVILEGED&quot;}" />
    </annotation>
  </item>
  <item name="android.bluetooth.BluetoothPbap ACTION_CONNECTION_STATE_CHANGED">
    <annotation name="androidx.annotation.RequiresPermission">
      <val name="value" val="&quot;android.permission.BLUETOOTH_CONNECT&quot;" />
    </annotation>
  </item>
  <item name="android.bluetooth.BluetoothPbap boolean setConnectionPolicy(android.bluetooth.BluetoothDevice, int)">
    <annotation name="androidx.annotation.RequiresPermission">
      <val name="allOf" val="{&quot;android.permission.BLUETOOTH_CONNECT&quot;, &quot;android.permission.BLUETOOTH_PRIVILEGED&quot;}" />
    </annotation>
  </item>
  <item name="android.bluetooth.BluetoothPbap boolean setConnectionPolicy(android.bluetooth.BluetoothDevice, int) 1">
    <annotation name="androidx.annotation.IntDef">
      <val name="value" val="{android.bluetooth.BluetoothProfile.CONNECTION_POLICY_ALLOWED, android.bluetooth.BluetoothProfile.CONNECTION_POLICY_FORBIDDEN, android.bluetooth.BluetoothProfile.CONNECTION_POLICY_UNKNOWN}" />
    </annotation>
  </item>
  <item name="android.bluetooth.BluetoothPbap int getConnectionState(android.bluetooth.BluetoothDevice)">
    <annotation name="androidx.annotation.RequiresPermission">
      <val name="allOf" val="{&quot;android.permission.BLUETOOTH_CONNECT&quot;, &quot;android.permission.BLUETOOTH_PRIVILEGED&quot;}" />
    </annotation>
    <annotation name="androidx.annotation.IntDef">
      <val name="value" val="{android.bluetooth.BluetoothProfile.STATE_DISCONNECTED, android.bluetooth.BluetoothProfile.STATE_CONNECTING, android.bluetooth.BluetoothProfile.STATE_CONNECTED, android.bluetooth.BluetoothProfile.STATE_DISCONNECTING}" />
    </annotation>
  </item>
  <item name="android.bluetooth.BluetoothProfile int getConnectionState(android.bluetooth.BluetoothDevice)">
    <annotation name="androidx.annotation.IntDef">
      <val name="value" val="{android.bluetooth.BluetoothProfile.STATE_DISCONNECTED, android.bluetooth.BluetoothProfile.STATE_CONNECTING, android.bluetooth.BluetoothProfile.STATE_CONNECTED, android.bluetooth.BluetoothProfile.STATE_DISCONNECTING}" />
    </annotation>
  </item>
  <item name="android.bluetooth.BluetoothSocket void connect()">
    <annotation name="androidx.annotation.RequiresPermission">
      <val name="value" val="&quot;android.permission.BLUETOOTH_CONNECT&quot;" />
    </annotation>
  </item>
  <item name="android.bluetooth.BufferConstraints android.bluetooth.BufferConstraint forCodec(int) 0">
    <annotation name="androidx.annotation.IntDef">
    </annotation>
  </item>
  <item name="android.bluetooth.OobData int getLeDeviceRole()">
    <annotation name="androidx.annotation.IntDef">
      <val name="value" val="{android.bluetooth.OobData.LE_DEVICE_ROLE_PERIPHERAL_ONLY, android.bluetooth.OobData.LE_DEVICE_ROLE_CENTRAL_ONLY, android.bluetooth.OobData.LE_DEVICE_ROLE_BOTH_PREFER_PERIPHERAL, android.bluetooth.OobData.LE_DEVICE_ROLE_BOTH_PREFER_CENTRAL}" />
    </annotation>
  </item>
  <item name="android.bluetooth.OobData int getLeFlags()">
    <annotation name="androidx.annotation.IntDef">
      <val name="value" val="{android.bluetooth.OobData.LE_FLAG_LIMITED_DISCOVERY_MODE, android.bluetooth.OobData.LE_FLAG_GENERAL_DISCOVERY_MODE, android.bluetooth.OobData.LE_FLAG_BREDR_NOT_SUPPORTED, android.bluetooth.OobData.LE_FLAG_SIMULTANEOUS_CONTROLLER, android.bluetooth.OobData.LE_FLAG_SIMULTANEOUS_HOST}" />
    </annotation>
  </item>
  <item name="android.bluetooth.OobData.LeBuilder LeBuilder(byte[], byte[], int) 2">
    <annotation name="androidx.annotation.IntDef">
      <val name="value" val="{android.bluetooth.OobData.LE_DEVICE_ROLE_PERIPHERAL_ONLY, android.bluetooth.OobData.LE_DEVICE_ROLE_CENTRAL_ONLY, android.bluetooth.OobData.LE_DEVICE_ROLE_BOTH_PREFER_PERIPHERAL, android.bluetooth.OobData.LE_DEVICE_ROLE_BOTH_PREFER_CENTRAL}" />
    </annotation>
  </item>
  <item name="android.bluetooth.OobData.LeBuilder android.bluetooth.OobData.LeBuilder setLeFlags(int) 0">
    <annotation name="androidx.annotation.IntDef">
      <val name="value" val="{android.bluetooth.OobData.LE_FLAG_LIMITED_DISCOVERY_MODE, android.bluetooth.OobData.LE_FLAG_GENERAL_DISCOVERY_MODE, android.bluetooth.OobData.LE_FLAG_BREDR_NOT_SUPPORTED, android.bluetooth.OobData.LE_FLAG_SIMULTANEOUS_CONTROLLER, android.bluetooth.OobData.LE_FLAG_SIMULTANEOUS_HOST}" />
    </annotation>
  </item>
</root>

