<?xml version="1.0" encoding="UTF-8"?>
<root>
  <item name="androidx.slidingpanelayout.widget.SlidingPaneLayout int getLockMode()">
    <annotation name="androidx.annotation.IntDef">
      <val name="value" val="{androidx.slidingpanelayout.widget.SlidingPaneLayout.LOCK_MODE_UNLOCKED, androidx.slidingpanelayout.widget.SlidingPaneLayout.LOCK_MODE_LOCKED_OPEN, androidx.slidingpanelayout.widget.SlidingPaneLayout.LOCK_MODE_LOCKED_CLOSED, androidx.slidingpanelayout.widget.SlidingPaneLayout.LOCK_MODE_OPEN_ONLY}" />
    </annotation>
  </item>
  <item name="androidx.slidingpanelayout.widget.SlidingPaneLayout mLockMode">
    <annotation name="androidx.annotation.IntDef">
      <val name="value" val="{androidx.slidingpanelayout.widget.SlidingPaneLayout.LOCK_MODE_UNLOCKED, androidx.slidingpanelayout.widget.SlidingPaneLayout.LOCK_MODE_LOCKED_OPEN, androidx.slidingpanelayout.widget.SlidingPaneLayout.LOCK_MODE_LOCKED_CLOSED, androidx.slidingpanelayout.widget.SlidingPaneLayout.LOCK_MODE_OPEN_ONLY}" />
    </annotation>
  </item>
  <item name="androidx.slidingpanelayout.widget.SlidingPaneLayout void setLockMode(int) 0">
    <annotation name="androidx.annotation.IntDef">
      <val name="value" val="{androidx.slidingpanelayout.widget.SlidingPaneLayout.LOCK_MODE_UNLOCKED, androidx.slidingpanelayout.widget.SlidingPaneLayout.LOCK_MODE_LOCKED_OPEN, androidx.slidingpanelayout.widget.SlidingPaneLayout.LOCK_MODE_LOCKED_CLOSED, androidx.slidingpanelayout.widget.SlidingPaneLayout.LOCK_MODE_OPEN_ONLY}" />
    </annotation>
  </item>
</root>

