<?xml version="1.0" encoding="UTF-8"?>
<root>
  <item name="androidx.mediarouter.media.MediaRoute2Provider.Callback void onSelectFallbackRoute(int) 0">
    <annotation name="androidx.annotation.IntDef">
      <val name="value" val="{androidx.mediarouter.media.MediaRouter.UNSELECT_REASON_UNKNOWN, androidx.mediarouter.media.MediaRouter.UNSELECT_REASON_DISCONNECTED, androidx.mediarouter.media.MediaRouter.UNSELECT_REASON_STOPPED, androidx.mediarouter.media.MediaRouter.UNSELECT_REASON_ROUTE_CHANGED}" />
    </annotation>
  </item>
  <item name="androidx.mediarouter.media.MediaRoute2Provider.Callback void onSelectRoute(java.lang.String, int) 1">
    <annotation name="androidx.annotation.IntDef">
      <val name="value" val="{androidx.mediarouter.media.MediaRouter.UNSELECT_REASON_UNKNOWN, androidx.mediarouter.media.MediaRouter.UNSELECT_REASON_DISCONNECTED, androidx.mediarouter.media.MediaRouter.UNSELECT_REASON_STOPPED, androidx.mediarouter.media.MediaRouter.UNSELECT_REASON_ROUTE_CHANGED}" />
    </annotation>
  </item>
  <item name="androidx.mediarouter.media.MediaRoute2ProviderServiceAdapter.DynamicGroupRouteControllerProxy void onUnselect(int) 0">
    <annotation name="androidx.annotation.IntDef">
      <val name="value" val="{androidx.mediarouter.media.MediaRouter.UNSELECT_REASON_UNKNOWN, androidx.mediarouter.media.MediaRouter.UNSELECT_REASON_DISCONNECTED, androidx.mediarouter.media.MediaRouter.UNSELECT_REASON_STOPPED, androidx.mediarouter.media.MediaRouter.UNSELECT_REASON_ROUTE_CHANGED}" />
    </annotation>
  </item>
  <item name="androidx.mediarouter.media.MediaRouteProvider.DynamicGroupRouteController.DynamicRouteDescriptor DynamicRouteDescriptor(androidx.mediarouter.media.MediaRouteDescriptor, int, boolean, boolean, boolean) 1">
    <annotation name="androidx.annotation.IntDef">
      <val name="value" val="{androidx.mediarouter.media.MediaRouteProvider.DynamicGroupRouteController.DynamicRouteDescriptor.UNSELECTING, androidx.mediarouter.media.MediaRouteProvider.DynamicGroupRouteController.DynamicRouteDescriptor.UNSELECTED, androidx.mediarouter.media.MediaRouteProvider.DynamicGroupRouteController.DynamicRouteDescriptor.SELECTING, androidx.mediarouter.media.MediaRouteProvider.DynamicGroupRouteController.DynamicRouteDescriptor.SELECTED}" />
    </annotation>
  </item>
  <item name="androidx.mediarouter.media.MediaRouteProvider.DynamicGroupRouteController.DynamicRouteDescriptor int getSelectionState()">
    <annotation name="androidx.annotation.IntDef">
      <val name="value" val="{androidx.mediarouter.media.MediaRouteProvider.DynamicGroupRouteController.DynamicRouteDescriptor.UNSELECTING, androidx.mediarouter.media.MediaRouteProvider.DynamicGroupRouteController.DynamicRouteDescriptor.UNSELECTED, androidx.mediarouter.media.MediaRouteProvider.DynamicGroupRouteController.DynamicRouteDescriptor.SELECTING, androidx.mediarouter.media.MediaRouteProvider.DynamicGroupRouteController.DynamicRouteDescriptor.SELECTED}" />
    </annotation>
  </item>
  <item name="androidx.mediarouter.media.MediaRouteProvider.DynamicGroupRouteController.DynamicRouteDescriptor mSelectionState">
    <annotation name="androidx.annotation.IntDef">
      <val name="value" val="{androidx.mediarouter.media.MediaRouteProvider.DynamicGroupRouteController.DynamicRouteDescriptor.UNSELECTING, androidx.mediarouter.media.MediaRouteProvider.DynamicGroupRouteController.DynamicRouteDescriptor.UNSELECTED, androidx.mediarouter.media.MediaRouteProvider.DynamicGroupRouteController.DynamicRouteDescriptor.SELECTING, androidx.mediarouter.media.MediaRouteProvider.DynamicGroupRouteController.DynamicRouteDescriptor.SELECTED}" />
    </annotation>
  </item>
  <item name="androidx.mediarouter.media.MediaRouteProvider.DynamicGroupRouteController.DynamicRouteDescriptor.Builder androidx.mediarouter.media.MediaRouteProvider.DynamicGroupRouteController.DynamicRouteDescriptor.Builder setSelectionState(int) 0">
    <annotation name="androidx.annotation.IntDef">
      <val name="value" val="{androidx.mediarouter.media.MediaRouteProvider.DynamicGroupRouteController.DynamicRouteDescriptor.UNSELECTING, androidx.mediarouter.media.MediaRouteProvider.DynamicGroupRouteController.DynamicRouteDescriptor.UNSELECTED, androidx.mediarouter.media.MediaRouteProvider.DynamicGroupRouteController.DynamicRouteDescriptor.SELECTING, androidx.mediarouter.media.MediaRouteProvider.DynamicGroupRouteController.DynamicRouteDescriptor.SELECTED}" />
    </annotation>
  </item>
  <item name="androidx.mediarouter.media.MediaRouteProvider.DynamicGroupRouteController.DynamicRouteDescriptor.Builder mSelectionState">
    <annotation name="androidx.annotation.IntDef">
      <val name="value" val="{androidx.mediarouter.media.MediaRouteProvider.DynamicGroupRouteController.DynamicRouteDescriptor.UNSELECTING, androidx.mediarouter.media.MediaRouteProvider.DynamicGroupRouteController.DynamicRouteDescriptor.UNSELECTED, androidx.mediarouter.media.MediaRouteProvider.DynamicGroupRouteController.DynamicRouteDescriptor.SELECTING, androidx.mediarouter.media.MediaRouteProvider.DynamicGroupRouteController.DynamicRouteDescriptor.SELECTED}" />
    </annotation>
  </item>
  <item name="androidx.mediarouter.media.MediaRouteProvider.DynamicGroupRouteController.DynamicRouteDescriptor.SelectionState">
    <annotation name="androidx.annotation.IntDef">
      <val name="value" val="{androidx.mediarouter.media.MediaRouteProvider.DynamicGroupRouteController.DynamicRouteDescriptor.UNSELECTING, androidx.mediarouter.media.MediaRouteProvider.DynamicGroupRouteController.DynamicRouteDescriptor.UNSELECTED, androidx.mediarouter.media.MediaRouteProvider.DynamicGroupRouteController.DynamicRouteDescriptor.SELECTING, androidx.mediarouter.media.MediaRouteProvider.DynamicGroupRouteController.DynamicRouteDescriptor.SELECTED}" />
    </annotation>
  </item>
  <item name="androidx.mediarouter.media.MediaRouteProvider.RouteController void onUnselect(int) 0">
    <annotation name="androidx.annotation.IntDef">
      <val name="value" val="{androidx.mediarouter.media.MediaRouter.UNSELECT_REASON_UNKNOWN, androidx.mediarouter.media.MediaRouter.UNSELECT_REASON_DISCONNECTED, androidx.mediarouter.media.MediaRouter.UNSELECT_REASON_STOPPED, androidx.mediarouter.media.MediaRouter.UNSELECT_REASON_ROUTE_CHANGED}" />
    </annotation>
  </item>
  <item name="androidx.mediarouter.media.MediaRouteProviderService.MediaRouteProviderServiceImpl boolean onUnselectRoute(android.os.Messenger, int, int, int) 3">
    <annotation name="androidx.annotation.IntDef">
      <val name="value" val="{androidx.mediarouter.media.MediaRouter.UNSELECT_REASON_UNKNOWN, androidx.mediarouter.media.MediaRouter.UNSELECT_REASON_DISCONNECTED, androidx.mediarouter.media.MediaRouter.UNSELECT_REASON_STOPPED, androidx.mediarouter.media.MediaRouter.UNSELECT_REASON_ROUTE_CHANGED}" />
    </annotation>
  </item>
  <item name="androidx.mediarouter.media.MediaRouteProviderService.MediaRouteProviderServiceImplBase boolean onUnselectRoute(android.os.Messenger, int, int, int) 3">
    <annotation name="androidx.annotation.IntDef">
      <val name="value" val="{androidx.mediarouter.media.MediaRouter.UNSELECT_REASON_UNKNOWN, androidx.mediarouter.media.MediaRouter.UNSELECT_REASON_DISCONNECTED, androidx.mediarouter.media.MediaRouter.UNSELECT_REASON_STOPPED, androidx.mediarouter.media.MediaRouter.UNSELECT_REASON_ROUTE_CHANGED}" />
    </annotation>
  </item>
  <item name="androidx.mediarouter.media.MediaRouter void addCallback(androidx.mediarouter.media.MediaRouteSelector, androidx.mediarouter.media.MediaRouter.Callback, int) 2">
    <annotation name="androidx.annotation.IntDef">
      <val name="flag" val="true" />
      <val name="value" val="{androidx.mediarouter.media.MediaRouter.CALLBACK_FLAG_PERFORM_ACTIVE_SCAN, androidx.mediarouter.media.MediaRouter.CALLBACK_FLAG_REQUEST_DISCOVERY, androidx.mediarouter.media.MediaRouter.CALLBACK_FLAG_UNFILTERED_EVENTS, androidx.mediarouter.media.MediaRouter.CALLBACK_FLAG_FORCE_DISCOVERY}" />
    </annotation>
  </item>
  <item name="androidx.mediarouter.media.MediaRouter void unselect(int) 0">
    <annotation name="androidx.annotation.IntDef">
      <val name="value" val="{androidx.mediarouter.media.MediaRouter.UNSELECT_REASON_UNKNOWN, androidx.mediarouter.media.MediaRouter.UNSELECT_REASON_DISCONNECTED, androidx.mediarouter.media.MediaRouter.UNSELECT_REASON_STOPPED, androidx.mediarouter.media.MediaRouter.UNSELECT_REASON_ROUTE_CHANGED}" />
    </annotation>
  </item>
  <item name="androidx.mediarouter.media.MediaRouter.Callback void onRouteSelected(androidx.mediarouter.media.MediaRouter, androidx.mediarouter.media.MediaRouter.RouteInfo, int) 2">
    <annotation name="androidx.annotation.IntDef">
      <val name="value" val="{androidx.mediarouter.media.MediaRouter.UNSELECT_REASON_UNKNOWN, androidx.mediarouter.media.MediaRouter.UNSELECT_REASON_DISCONNECTED, androidx.mediarouter.media.MediaRouter.UNSELECT_REASON_STOPPED, androidx.mediarouter.media.MediaRouter.UNSELECT_REASON_ROUTE_CHANGED}" />
    </annotation>
  </item>
  <item name="androidx.mediarouter.media.MediaRouter.Callback void onRouteSelected(androidx.mediarouter.media.MediaRouter, androidx.mediarouter.media.MediaRouter.RouteInfo, int, androidx.mediarouter.media.MediaRouter.RouteInfo) 2">
    <annotation name="androidx.annotation.IntDef">
      <val name="value" val="{androidx.mediarouter.media.MediaRouter.UNSELECT_REASON_UNKNOWN, androidx.mediarouter.media.MediaRouter.UNSELECT_REASON_DISCONNECTED, androidx.mediarouter.media.MediaRouter.UNSELECT_REASON_STOPPED, androidx.mediarouter.media.MediaRouter.UNSELECT_REASON_ROUTE_CHANGED}" />
    </annotation>
  </item>
  <item name="androidx.mediarouter.media.MediaRouter.Callback void onRouteUnselected(androidx.mediarouter.media.MediaRouter, androidx.mediarouter.media.MediaRouter.RouteInfo, int) 2">
    <annotation name="androidx.annotation.IntDef">
      <val name="value" val="{androidx.mediarouter.media.MediaRouter.UNSELECT_REASON_UNKNOWN, androidx.mediarouter.media.MediaRouter.UNSELECT_REASON_DISCONNECTED, androidx.mediarouter.media.MediaRouter.UNSELECT_REASON_STOPPED, androidx.mediarouter.media.MediaRouter.UNSELECT_REASON_ROUTE_CHANGED}" />
    </annotation>
  </item>
  <item name="androidx.mediarouter.media.MediaRouter.GlobalMediaRouter void notifyTransfer(androidx.mediarouter.media.MediaRouter.GlobalMediaRouter, androidx.mediarouter.media.MediaRouter.RouteInfo, androidx.mediarouter.media.MediaRouteProvider.RouteController, int, androidx.mediarouter.media.MediaRouter.RouteInfo, java.util.Collection&lt;androidx.mediarouter.media.MediaRouteProvider.DynamicGroupRouteController.DynamicRouteDescriptor&gt;) 3">
    <annotation name="androidx.annotation.IntDef">
      <val name="value" val="{androidx.mediarouter.media.MediaRouter.UNSELECT_REASON_UNKNOWN, androidx.mediarouter.media.MediaRouter.UNSELECT_REASON_DISCONNECTED, androidx.mediarouter.media.MediaRouter.UNSELECT_REASON_STOPPED, androidx.mediarouter.media.MediaRouter.UNSELECT_REASON_ROUTE_CHANGED}" />
    </annotation>
  </item>
  <item name="androidx.mediarouter.media.MediaRouter.GlobalMediaRouter void selectRoute(androidx.mediarouter.media.MediaRouter.RouteInfo, int) 1">
    <annotation name="androidx.annotation.IntDef">
      <val name="value" val="{androidx.mediarouter.media.MediaRouter.UNSELECT_REASON_UNKNOWN, androidx.mediarouter.media.MediaRouter.UNSELECT_REASON_DISCONNECTED, androidx.mediarouter.media.MediaRouter.UNSELECT_REASON_STOPPED, androidx.mediarouter.media.MediaRouter.UNSELECT_REASON_ROUTE_CHANGED}" />
    </annotation>
  </item>
  <item name="androidx.mediarouter.media.MediaRouter.GlobalMediaRouter void selectRouteInternal(androidx.mediarouter.media.MediaRouter.RouteInfo, int) 1">
    <annotation name="androidx.annotation.IntDef">
      <val name="value" val="{androidx.mediarouter.media.MediaRouter.UNSELECT_REASON_UNKNOWN, androidx.mediarouter.media.MediaRouter.UNSELECT_REASON_DISCONNECTED, androidx.mediarouter.media.MediaRouter.UNSELECT_REASON_STOPPED, androidx.mediarouter.media.MediaRouter.UNSELECT_REASON_ROUTE_CHANGED}" />
    </annotation>
  </item>
  <item name="androidx.mediarouter.media.MediaRouter.GlobalMediaRouter.Mr2ProviderCallback void onSelectFallbackRoute(int) 0">
    <annotation name="androidx.annotation.IntDef">
      <val name="value" val="{androidx.mediarouter.media.MediaRouter.UNSELECT_REASON_UNKNOWN, androidx.mediarouter.media.MediaRouter.UNSELECT_REASON_DISCONNECTED, androidx.mediarouter.media.MediaRouter.UNSELECT_REASON_STOPPED, androidx.mediarouter.media.MediaRouter.UNSELECT_REASON_ROUTE_CHANGED}" />
    </annotation>
  </item>
  <item name="androidx.mediarouter.media.MediaRouter.GlobalMediaRouter.Mr2ProviderCallback void onSelectRoute(java.lang.String, int) 1">
    <annotation name="androidx.annotation.IntDef">
      <val name="value" val="{androidx.mediarouter.media.MediaRouter.UNSELECT_REASON_UNKNOWN, androidx.mediarouter.media.MediaRouter.UNSELECT_REASON_DISCONNECTED, androidx.mediarouter.media.MediaRouter.UNSELECT_REASON_STOPPED, androidx.mediarouter.media.MediaRouter.UNSELECT_REASON_ROUTE_CHANGED}" />
    </annotation>
  </item>
  <item name="androidx.mediarouter.media.MediaRouter.GlobalMediaRouter.Mr2ProviderCallback void selectRouteToFallbackRoute(int) 0">
    <annotation name="androidx.annotation.IntDef">
      <val name="value" val="{androidx.mediarouter.media.MediaRouter.UNSELECT_REASON_UNKNOWN, androidx.mediarouter.media.MediaRouter.UNSELECT_REASON_DISCONNECTED, androidx.mediarouter.media.MediaRouter.UNSELECT_REASON_STOPPED, androidx.mediarouter.media.MediaRouter.UNSELECT_REASON_ROUTE_CHANGED}" />
    </annotation>
  </item>
  <item name="androidx.mediarouter.media.MediaRouter.PrepareTransferNotifier PrepareTransferNotifier(androidx.mediarouter.media.MediaRouter.GlobalMediaRouter, androidx.mediarouter.media.MediaRouter.RouteInfo, androidx.mediarouter.media.MediaRouteProvider.RouteController, int, androidx.mediarouter.media.MediaRouter.RouteInfo, java.util.Collection&lt;androidx.mediarouter.media.MediaRouteProvider.DynamicGroupRouteController.DynamicRouteDescriptor&gt;) 3">
    <annotation name="androidx.annotation.IntDef">
      <val name="value" val="{androidx.mediarouter.media.MediaRouter.UNSELECT_REASON_UNKNOWN, androidx.mediarouter.media.MediaRouter.UNSELECT_REASON_DISCONNECTED, androidx.mediarouter.media.MediaRouter.UNSELECT_REASON_STOPPED, androidx.mediarouter.media.MediaRouter.UNSELECT_REASON_ROUTE_CHANGED}" />
    </annotation>
  </item>
  <item name="androidx.mediarouter.media.MediaRouter.PrepareTransferNotifier mReason">
    <annotation name="androidx.annotation.IntDef">
      <val name="value" val="{androidx.mediarouter.media.MediaRouter.UNSELECT_REASON_UNKNOWN, androidx.mediarouter.media.MediaRouter.UNSELECT_REASON_DISCONNECTED, androidx.mediarouter.media.MediaRouter.UNSELECT_REASON_STOPPED, androidx.mediarouter.media.MediaRouter.UNSELECT_REASON_ROUTE_CHANGED}" />
    </annotation>
  </item>
  <item name="androidx.mediarouter.media.MediaRouter.RouteInfo int getConnectionState()">
    <annotation name="androidx.annotation.IntDef">
      <val name="value" val="{androidx.mediarouter.media.MediaRouter.RouteInfo.CONNECTION_STATE_DISCONNECTED, androidx.mediarouter.media.MediaRouter.RouteInfo.CONNECTION_STATE_CONNECTING, androidx.mediarouter.media.MediaRouter.RouteInfo.CONNECTION_STATE_CONNECTED}" />
    </annotation>
  </item>
  <item name="androidx.mediarouter.media.MediaRouter.RouteInfo int getPlaybackType()">
    <annotation name="androidx.annotation.IntDef">
      <val name="value" val="{androidx.mediarouter.media.MediaRouter.RouteInfo.PLAYBACK_TYPE_LOCAL, androidx.mediarouter.media.MediaRouter.RouteInfo.PLAYBACK_TYPE_REMOTE}" />
    </annotation>
  </item>
  <item name="androidx.mediarouter.media.MediaRouter.RouteInfo int getVolumeHandling()">
    <annotation name="androidx.annotation.IntDef">
      <val name="value" val="{androidx.mediarouter.media.MediaRouter.RouteInfo.PLAYBACK_VOLUME_FIXED, androidx.mediarouter.media.MediaRouter.RouteInfo.PLAYBACK_VOLUME_VARIABLE}" />
    </annotation>
  </item>
  <item name="androidx.mediarouter.media.MediaRouter.RouteInfo mConnectionState">
    <annotation name="androidx.annotation.IntDef">
      <val name="value" val="{androidx.mediarouter.media.MediaRouter.RouteInfo.CONNECTION_STATE_DISCONNECTED, androidx.mediarouter.media.MediaRouter.RouteInfo.CONNECTION_STATE_CONNECTING, androidx.mediarouter.media.MediaRouter.RouteInfo.CONNECTION_STATE_CONNECTED}" />
    </annotation>
  </item>
  <item name="androidx.mediarouter.media.MediaRouter.RouteInfo mDeviceType">
    <annotation name="androidx.annotation.IntDef">
      <val name="value" val="{androidx.mediarouter.media.MediaRouter.RouteInfo.DEVICE_TYPE_UNKNOWN, androidx.mediarouter.media.MediaRouter.RouteInfo.DEVICE_TYPE_TV, androidx.mediarouter.media.MediaRouter.RouteInfo.DEVICE_TYPE_SPEAKER, androidx.mediarouter.media.MediaRouter.RouteInfo.DEVICE_TYPE_BLUETOOTH}" />
    </annotation>
  </item>
  <item name="androidx.mediarouter.media.MediaRouterParams int getDialogType()">
    <annotation name="androidx.annotation.IntDef">
      <val name="value" val="{androidx.mediarouter.media.MediaRouterParams.DIALOG_TYPE_DEFAULT, androidx.mediarouter.media.MediaRouterParams.DIALOG_TYPE_DYNAMIC_GROUP}" />
    </annotation>
  </item>
  <item name="androidx.mediarouter.media.MediaRouterParams mDialogType">
    <annotation name="androidx.annotation.IntDef">
      <val name="value" val="{androidx.mediarouter.media.MediaRouterParams.DIALOG_TYPE_DEFAULT, androidx.mediarouter.media.MediaRouterParams.DIALOG_TYPE_DYNAMIC_GROUP}" />
    </annotation>
  </item>
  <item name="androidx.mediarouter.media.MediaRouterParams.Builder androidx.mediarouter.media.MediaRouterParams.Builder setDialogType(int) 0">
    <annotation name="androidx.annotation.IntDef">
      <val name="value" val="{androidx.mediarouter.media.MediaRouterParams.DIALOG_TYPE_DEFAULT, androidx.mediarouter.media.MediaRouterParams.DIALOG_TYPE_DYNAMIC_GROUP}" />
    </annotation>
  </item>
  <item name="androidx.mediarouter.media.MediaRouterParams.Builder mDialogType">
    <annotation name="androidx.annotation.IntDef">
      <val name="value" val="{androidx.mediarouter.media.MediaRouterParams.DIALOG_TYPE_DEFAULT, androidx.mediarouter.media.MediaRouterParams.DIALOG_TYPE_DYNAMIC_GROUP}" />
    </annotation>
  </item>
  <item name="androidx.mediarouter.media.MediaRouterParams.DialogType">
    <annotation name="androidx.annotation.IntDef">
      <val name="value" val="{androidx.mediarouter.media.MediaRouterParams.DIALOG_TYPE_DEFAULT, androidx.mediarouter.media.MediaRouterParams.DIALOG_TYPE_DYNAMIC_GROUP}" />
    </annotation>
  </item>
  <item name="androidx.mediarouter.media.RegisteredMediaRouteProvider.Connection void unselectRoute(int, int) 1">
    <annotation name="androidx.annotation.IntDef">
      <val name="value" val="{androidx.mediarouter.media.MediaRouter.UNSELECT_REASON_UNKNOWN, androidx.mediarouter.media.MediaRouter.UNSELECT_REASON_DISCONNECTED, androidx.mediarouter.media.MediaRouter.UNSELECT_REASON_STOPPED, androidx.mediarouter.media.MediaRouter.UNSELECT_REASON_ROUTE_CHANGED}" />
    </annotation>
  </item>
  <item name="androidx.mediarouter.media.RegisteredMediaRouteProvider.RegisteredDynamicController void onUnselect(int) 0">
    <annotation name="androidx.annotation.IntDef">
      <val name="value" val="{androidx.mediarouter.media.MediaRouter.UNSELECT_REASON_UNKNOWN, androidx.mediarouter.media.MediaRouter.UNSELECT_REASON_DISCONNECTED, androidx.mediarouter.media.MediaRouter.UNSELECT_REASON_STOPPED, androidx.mediarouter.media.MediaRouter.UNSELECT_REASON_ROUTE_CHANGED}" />
    </annotation>
  </item>
  <item name="androidx.mediarouter.media.RegisteredMediaRouteProvider.RegisteredRouteController void onUnselect(int) 0">
    <annotation name="androidx.annotation.IntDef">
      <val name="value" val="{androidx.mediarouter.media.MediaRouter.UNSELECT_REASON_UNKNOWN, androidx.mediarouter.media.MediaRouter.UNSELECT_REASON_DISCONNECTED, androidx.mediarouter.media.MediaRouter.UNSELECT_REASON_STOPPED, androidx.mediarouter.media.MediaRouter.UNSELECT_REASON_ROUTE_CHANGED}" />
    </annotation>
  </item>
</root>

