<?xml version="1.0" encoding="UTF-8"?>
<root>
  <item name="android.net.wifi.nl80211.DeviceWiphyCapabilities boolean isChannelWidthSupported(int) 0">
    <annotation name="androidx.annotation.IntDef">
      <val name="value" val="{android.net.wifi.ScanResult.CHANNEL_WIDTH_20MHZ, android.net.wifi.ScanResult.CHANNEL_WIDTH_40MHZ, android.net.wifi.ScanResult.CHANNEL_WIDTH_80MHZ, android.net.wifi.ScanResult.CHANNEL_WIDTH_160MHZ, android.net.wifi.ScanResult.CHANNEL_WIDTH_80MHZ_PLUS_MHZ}" />
    </annotation>
  </item>
  <item name="android.net.wifi.nl80211.DeviceWiphyCapabilities boolean isWifiStandardSupported(int) 0">
    <annotation name="androidx.annotation.IntDef">
      <val name="value" val="{android.net.wifi.ScanResult.WIFI_STANDARD_UNKNOWN, android.net.wifi.ScanResult.WIFI_STANDARD_LEGACY, android.net.wifi.ScanResult.WIFI_STANDARD_11N, android.net.wifi.ScanResult.WIFI_STANDARD_11AC, android.net.wifi.ScanResult.WIFI_STANDARD_11AX, android.net.wifi.ScanResult.WIFI_STANDARD_11AD}" />
    </annotation>
  </item>
  <item name="android.net.wifi.nl80211.DeviceWiphyCapabilities void setWifiStandardSupport(int, boolean) 0">
    <annotation name="androidx.annotation.IntDef">
      <val name="value" val="{android.net.wifi.ScanResult.WIFI_STANDARD_UNKNOWN, android.net.wifi.ScanResult.WIFI_STANDARD_LEGACY, android.net.wifi.ScanResult.WIFI_STANDARD_11N, android.net.wifi.ScanResult.WIFI_STANDARD_11AC, android.net.wifi.ScanResult.WIFI_STANDARD_11AX, android.net.wifi.ScanResult.WIFI_STANDARD_11AD}" />
    </annotation>
  </item>
  <item name="android.net.wifi.nl80211.NativeScanResult int getCapabilities()">
    <annotation name="androidx.annotation.IntDef">
      <val name="flag" val="true" />
      <val name="value" val="{android.net.wifi.nl80211.NativeScanResult.BSS_CAPABILITY_ESS, android.net.wifi.nl80211.NativeScanResult.BSS_CAPABILITY_IBSS, android.net.wifi.nl80211.NativeScanResult.BSS_CAPABILITY_CF_POLLABLE, android.net.wifi.nl80211.NativeScanResult.BSS_CAPABILITY_CF_POLL_REQUEST, android.net.wifi.nl80211.NativeScanResult.BSS_CAPABILITY_PRIVACY, android.net.wifi.nl80211.NativeScanResult.BSS_CAPABILITY_SHORT_PREAMBLE, android.net.wifi.nl80211.NativeScanResult.BSS_CAPABILITY_PBCC, android.net.wifi.nl80211.NativeScanResult.BSS_CAPABILITY_CHANNEL_AGILITY, android.net.wifi.nl80211.NativeScanResult.BSS_CAPABILITY_SPECTRUM_MANAGEMENT, android.net.wifi.nl80211.NativeScanResult.BSS_CAPABILITY_QOS, android.net.wifi.nl80211.NativeScanResult.BSS_CAPABILITY_SHORT_SLOT_TIME, android.net.wifi.nl80211.NativeScanResult.BSS_CAPABILITY_APSD, android.net.wifi.nl80211.NativeScanResult.BSS_CAPABILITY_RADIO_MANAGEMENT, android.net.wifi.nl80211.NativeScanResult.BSS_CAPABILITY_DSSS_OFDM, android.net.wifi.nl80211.NativeScanResult.BSS_CAPABILITY_DELAYED_BLOCK_ACK, android.net.wifi.nl80211.NativeScanResult.BSS_CAPABILITY_IMMEDIATE_BLOCK_ACK, android.net.wifi.nl80211.NativeScanResult.BSS_CAPABILITY_DMG_ESS, android.net.wifi.nl80211.NativeScanResult.BSS_CAPABILITY_DMG_IBSS}" />
    </annotation>
  </item>
  <item name="android.net.wifi.nl80211.WifiNl80211Manager boolean startScan(java.lang.String, int, java.util.Set<java.lang.Integer>, java.util.List<byte[]>) 1">
    <annotation name="androidx.annotation.IntDef">
      <val name="value" val="{android.net.wifi.WifiScanner.SCAN_TYPE_LOW_LATENCY, android.net.wifi.WifiScanner.SCAN_TYPE_LOW_POWER, android.net.wifi.WifiScanner.SCAN_TYPE_HIGH_ACCURACY}" />
    </annotation>
  </item>
  <item name="android.net.wifi.nl80211.WifiNl80211Manager boolean startScan(java.lang.String, int, java.util.Set<java.lang.Integer>, java.util.List<byte[]>, android.os.Bundle) 1">
    <annotation name="androidx.annotation.IntDef">
      <val name="value" val="{android.net.wifi.WifiScanner.SCAN_TYPE_LOW_LATENCY, android.net.wifi.WifiScanner.SCAN_TYPE_LOW_POWER, android.net.wifi.WifiScanner.SCAN_TYPE_HIGH_ACCURACY}" />
    </annotation>
  </item>
  <item name="android.net.wifi.nl80211.WifiNl80211Manager int[] getChannelsMhzForBand(int) 0">
    <annotation name="androidx.annotation.IntDef">
      <val name="value" val="{android.net.wifi.WifiScanner.WIFI_BAND_UNSPECIFIED, android.net.wifi.WifiScanner.WIFI_BAND_24_GHZ, android.net.wifi.WifiScanner.WIFI_BAND_5_GHZ, android.net.wifi.WifiScanner.WIFI_BAND_5_GHZ_DFS_ONLY, android.net.wifi.WifiScanner.WIFI_BAND_6_GHZ}" />
    </annotation>
  </item>
  <item name="android.net.wifi.nl80211.WifiNl80211Manager java.util.List&lt;android.net.wifi.nl80211.NativeScanResult&gt; getScanResults(java.lang.String, int) 1">
    <annotation name="androidx.annotation.IntDef">
      <val name="value" val="{android.net.wifi.nl80211.WifiNl80211Manager.SCAN_TYPE_SINGLE_SCAN, android.net.wifi.nl80211.WifiNl80211Manager.SCAN_TYPE_PNO_SCAN}" />
    </annotation>
  </item>
  <item name="android.net.wifi.nl80211.WifiNl80211Manager.OemSecurityType OemSecurityType(int, java.util.List<java.lang.Integer>, java.util.List<java.lang.Integer>, int) 0">
    <annotation name="androidx.annotation.IntDef">
      <val name="value" val="{android.net.wifi.ScanResult.PROTOCOL_NONE, android.net.wifi.ScanResult.PROTOCOL_WPA, android.net.wifi.ScanResult.PROTOCOL_RSN, android.net.wifi.ScanResult.PROTOCOL_OSEN, android.net.wifi.ScanResult.PROTOCOL_WAPI}" />
    </annotation>
  </item>
  <item name="android.net.wifi.nl80211.WifiNl80211Manager.OemSecurityType OemSecurityType(int, java.util.List<java.lang.Integer>, java.util.List<java.lang.Integer>, int) 3">
    <annotation name="androidx.annotation.IntDef">
      <val name="value" val="{android.net.wifi.ScanResult.CIPHER_NONE, android.net.wifi.ScanResult.CIPHER_NO_GROUP_ADDRESSED, android.net.wifi.ScanResult.CIPHER_TKIP, android.net.wifi.ScanResult.CIPHER_CCMP, android.net.wifi.ScanResult.CIPHER_GCMP_256, android.net.wifi.ScanResult.CIPHER_SMS4, android.net.wifi.ScanResult.CIPHER_GCMP_128, android.net.wifi.ScanResult.CIPHER_BIP_GMAC_128, android.net.wifi.ScanResult.CIPHER_BIP_GMAC_256, android.net.wifi.ScanResult.CIPHER_BIP_CMAC_256}" />
    </annotation>
  </item>
  <item name="android.net.wifi.nl80211.WifiNl80211Manager.OemSecurityType groupCipher">
    <annotation name="androidx.annotation.IntDef">
      <val name="value" val="{android.net.wifi.ScanResult.CIPHER_NONE, android.net.wifi.ScanResult.CIPHER_NO_GROUP_ADDRESSED, android.net.wifi.ScanResult.CIPHER_TKIP, android.net.wifi.ScanResult.CIPHER_CCMP, android.net.wifi.ScanResult.CIPHER_GCMP_256, android.net.wifi.ScanResult.CIPHER_SMS4, android.net.wifi.ScanResult.CIPHER_GCMP_128, android.net.wifi.ScanResult.CIPHER_BIP_GMAC_128, android.net.wifi.ScanResult.CIPHER_BIP_GMAC_256, android.net.wifi.ScanResult.CIPHER_BIP_CMAC_256}" />
    </annotation>
  </item>
  <item name="android.net.wifi.nl80211.WifiNl80211Manager.OemSecurityType protocol">
    <annotation name="androidx.annotation.IntDef">
      <val name="value" val="{android.net.wifi.ScanResult.PROTOCOL_NONE, android.net.wifi.ScanResult.PROTOCOL_WPA, android.net.wifi.ScanResult.PROTOCOL_RSN, android.net.wifi.ScanResult.PROTOCOL_OSEN, android.net.wifi.ScanResult.PROTOCOL_WAPI}" />
    </annotation>
  </item>
  <item name="android.net.wifi.nl80211.WifiNl80211Manager.SendMgmtFrameCallback void onFailure(int) 0">
    <annotation name="androidx.annotation.IntDef">
      <val name="value" val="{android.net.wifi.nl80211.WifiNl80211Manager.SEND_MGMT_FRAME_ERROR_UNKNOWN, android.net.wifi.nl80211.WifiNl80211Manager.SEND_MGMT_FRAME_ERROR_MCS_UNSUPPORTED, android.net.wifi.nl80211.WifiNl80211Manager.SEND_MGMT_FRAME_ERROR_NO_ACK, android.net.wifi.nl80211.WifiNl80211Manager.SEND_MGMT_FRAME_ERROR_TIMEOUT, android.net.wifi.nl80211.WifiNl80211Manager.SEND_MGMT_FRAME_ERROR_ALREADY_STARTED}" />
    </annotation>
  </item>
  <item name="android.net.wifi.nl80211.WifiNl80211Manager.SoftApCallback void onSoftApChannelSwitched(int, int) 1">
    <annotation name="androidx.annotation.IntDef">
      <val name="value" val="{android.net.wifi.SoftApInfo.CHANNEL_WIDTH_INVALID, android.net.wifi.SoftApInfo.CHANNEL_WIDTH_20MHZ_NOHT, android.net.wifi.SoftApInfo.CHANNEL_WIDTH_20MHZ, android.net.wifi.SoftApInfo.CHANNEL_WIDTH_40MHZ, android.net.wifi.SoftApInfo.CHANNEL_WIDTH_80MHZ, android.net.wifi.SoftApInfo.CHANNEL_WIDTH_80MHZ_PLUS_MHZ, android.net.wifi.SoftApInfo.CHANNEL_WIDTH_160MHZ, android.net.wifi.SoftApInfo.CHANNEL_WIDTH_2160MHZ, android.net.wifi.SoftApInfo.CHANNEL_WIDTH_4320MHZ, android.net.wifi.SoftApInfo.CHANNEL_WIDTH_6480MHZ, android.net.wifi.SoftApInfo.CHANNEL_WIDTH_8640MHZ}" />
    </annotation>
  </item>
</root>

