<?xml version="1.0" encoding="UTF-8"?>
<root>
  <item name="android.hardware.usb.UsbManager ACTION_USB_ACCESSORY_HANDSHAKE">
    <annotation name="androidx.annotation.RequiresPermission">
      <val name="value" val="&quot;android.permission.MANAGE_USB&quot;" />
    </annotation>
  </item>
  <item name="android.hardware.usb.UsbManager ACTION_USB_PORT_CHANGED">
    <annotation name="androidx.annotation.RequiresPermission">
      <val name="value" val="&quot;android.permission.MANAGE_USB&quot;" />
    </annotation>
  </item>
  <item name="android.hardware.usb.UsbManager int getGadgetHalVersion()">
    <annotation name="androidx.annotation.RequiresPermission">
      <val name="value" val="&quot;android.permission.MANAGE_USB&quot;" />
    </annotation>
    <annotation name="androidx.annotation.IntDef">
      <val name="value" val="{android.hardware.usb.UsbManager.GADGET_HAL_NOT_SUPPORTED, android.hardware.usb.UsbManager.GADGET_HAL_V1_0, android.hardware.usb.UsbManager.GADGET_HAL_V1_1, android.hardware.usb.UsbManager.GADGET_HAL_V1_2}" />
    </annotation>
  </item>
  <item name="android.hardware.usb.UsbManager int getUsbBandwidthMbps()">
    <annotation name="androidx.annotation.RequiresPermission">
      <val name="value" val="&quot;android.permission.MANAGE_USB&quot;" />
    </annotation>
  </item>
  <item name="android.hardware.usb.UsbManager int getUsbHalVersion()">
    <annotation name="androidx.annotation.RequiresPermission">
      <val name="value" val="&quot;android.permission.MANAGE_USB&quot;" />
    </annotation>
    <annotation name="androidx.annotation.IntDef">
      <val name="value" val="{android.hardware.usb.UsbManager.USB_HAL_NOT_SUPPORTED, android.hardware.usb.UsbManager.USB_HAL_V1_0, android.hardware.usb.UsbManager.USB_HAL_V1_1, android.hardware.usb.UsbManager.USB_HAL_V1_2, android.hardware.usb.UsbManager.USB_HAL_V1_3}" />
    </annotation>
  </item>
  <item name="android.hardware.usb.UsbManager java.util.List&lt;android.hardware.usb.UsbPort&gt; getPorts()">
    <annotation name="androidx.annotation.RequiresPermission">
      <val name="value" val="&quot;android.permission.MANAGE_USB&quot;" />
    </annotation>
  </item>
  <item name="android.hardware.usb.UsbManager long getCurrentFunctions()">
    <annotation name="androidx.annotation.RequiresPermission">
      <val name="value" val="&quot;android.permission.MANAGE_USB&quot;" />
    </annotation>
  </item>
  <item name="android.hardware.usb.UsbManager void grantPermission(android.hardware.usb.UsbDevice, java.lang.String)">
    <annotation name="androidx.annotation.RequiresPermission">
      <val name="value" val="&quot;android.permission.MANAGE_USB&quot;" />
    </annotation>
  </item>
  <item name="android.hardware.usb.UsbManager void resetUsbGadget()">
    <annotation name="androidx.annotation.RequiresPermission">
      <val name="value" val="&quot;android.permission.MANAGE_USB&quot;" />
    </annotation>
  </item>
  <item name="android.hardware.usb.UsbManager void setCurrentFunctions(long)">
    <annotation name="androidx.annotation.RequiresPermission">
      <val name="value" val="&quot;android.permission.MANAGE_USB&quot;" />
    </annotation>
  </item>
  <item name="android.hardware.usb.UsbManager void setCurrentFunctions(long) 0">
    <annotation name="androidx.annotation.LongDef">
      <val name="flag" val="true" />
      <val name="value" val="{android.hardware.usb.UsbManager.FUNCTION_NONE, android.hardware.usb.UsbManager.FUNCTION_MTP, android.hardware.usb.UsbManager.FUNCTION_PTP, android.hardware.usb.UsbManager.FUNCTION_RNDIS, android.hardware.usb.UsbManager.FUNCTION_MIDI, android.hardware.usb.UsbManager.FUNCTION_ACCESSORY, android.hardware.usb.UsbManager.FUNCTION_AUDIO_SOURCE, android.hardware.usb.UsbManager.FUNCTION_ADB, android.hardware.usb.UsbManager.FUNCTION_NCM}" />
    </annotation>
  </item>
  <item name="android.hardware.usb.UsbPort android.hardware.usb.UsbPortStatus getStatus()">
    <annotation name="androidx.annotation.RequiresPermission">
      <val name="value" val="&quot;android.permission.MANAGE_USB&quot;" />
    </annotation>
  </item>
  <item name="android.hardware.usb.UsbPort void setRoles(int, int)">
    <annotation name="androidx.annotation.RequiresPermission">
      <val name="value" val="&quot;android.permission.MANAGE_USB&quot;" />
    </annotation>
  </item>
  <item name="android.hardware.usb.UsbPort void setRoles(int, int) 0">
    <annotation name="androidx.annotation.IntDef">
      <val name="value" val="{android.hardware.usb.UsbPortStatus.POWER_ROLE_NONE, android.hardware.usb.UsbPortStatus.POWER_ROLE_SOURCE, android.hardware.usb.UsbPortStatus.POWER_ROLE_SINK}" />
    </annotation>
  </item>
  <item name="android.hardware.usb.UsbPort void setRoles(int, int) 1">
    <annotation name="androidx.annotation.IntDef">
      <val name="value" val="{android.hardware.usb.UsbPortStatus.DATA_ROLE_NONE, android.hardware.usb.UsbPortStatus.DATA_ROLE_HOST, android.hardware.usb.UsbPortStatus.DATA_ROLE_DEVICE}" />
    </annotation>
  </item>
  <item name="android.hardware.usb.UsbPortStatus boolean isRoleCombinationSupported(int, int) 0">
    <annotation name="androidx.annotation.IntDef">
      <val name="value" val="{android.hardware.usb.UsbPortStatus.POWER_ROLE_NONE, android.hardware.usb.UsbPortStatus.POWER_ROLE_SOURCE, android.hardware.usb.UsbPortStatus.POWER_ROLE_SINK}" />
    </annotation>
  </item>
  <item name="android.hardware.usb.UsbPortStatus boolean isRoleCombinationSupported(int, int) 1">
    <annotation name="androidx.annotation.IntDef">
      <val name="value" val="{android.hardware.usb.UsbPortStatus.DATA_ROLE_NONE, android.hardware.usb.UsbPortStatus.DATA_ROLE_HOST, android.hardware.usb.UsbPortStatus.DATA_ROLE_DEVICE}" />
    </annotation>
  </item>
  <item name="android.hardware.usb.UsbPortStatus int getCurrentDataRole()">
    <annotation name="androidx.annotation.IntDef">
      <val name="value" val="{android.hardware.usb.UsbPortStatus.DATA_ROLE_NONE, android.hardware.usb.UsbPortStatus.DATA_ROLE_HOST, android.hardware.usb.UsbPortStatus.DATA_ROLE_DEVICE}" />
    </annotation>
  </item>
  <item name="android.hardware.usb.UsbPortStatus int getCurrentMode()">
    <annotation name="androidx.annotation.IntDef">
      <val name="value" val="{android.hardware.usb.UsbPortStatus.MODE_NONE, android.hardware.usb.UsbPortStatus.MODE_DFP, android.hardware.usb.UsbPortStatus.MODE_UFP, android.hardware.usb.UsbPortStatus.MODE_AUDIO_ACCESSORY, android.hardware.usb.UsbPortStatus.MODE_DEBUG_ACCESSORY}" />
    </annotation>
  </item>
  <item name="android.hardware.usb.UsbPortStatus int getCurrentPowerRole()">
    <annotation name="androidx.annotation.IntDef">
      <val name="value" val="{android.hardware.usb.UsbPortStatus.POWER_ROLE_NONE, android.hardware.usb.UsbPortStatus.POWER_ROLE_SOURCE, android.hardware.usb.UsbPortStatus.POWER_ROLE_SINK}" />
    </annotation>
  </item>
</root>

