<?xml version="1.0" encoding="UTF-8"?>
<root>
  <item name="androidx.window.extensions.embedding.SplitPairRule SplitPairRule(float, int, int, int, boolean, java.util.function.Predicate&lt;android.util.Pair&lt;android.app.Activity,android.app.Activity&gt;&gt;, java.util.function.Predicate&lt;android.util.Pair&lt;android.app.Activity,android.content.Intent&gt;&gt;, java.util.function.Predicate&lt;android.view.WindowMetrics&gt;) 1">
    <annotation name="androidx.annotation.IntDef">
      <val name="value" val="{android.util.LayoutDirection.LTR, android.util.LayoutDirection.RTL, android.util.LayoutDirection.LOCALE}" />
    </annotation>
  </item>
  <item name="androidx.window.extensions.embedding.SplitPairRule SplitPairRule(float, int, int, int, boolean, java.util.function.Predicate&lt;android.util.Pair&lt;android.app.Activity,android.app.Activity&gt;&gt;, java.util.function.Predicate&lt;android.util.Pair&lt;android.app.Activity,android.content.Intent&gt;&gt;, java.util.function.Predicate&lt;android.view.WindowMetrics&gt;) 2">
    <annotation name="androidx.annotation.IntDef">
      <val name="value" val="{androidx.window.extensions.embedding.SplitRule.FINISH_NEVER, androidx.window.extensions.embedding.SplitRule.FINISH_ALWAYS, androidx.window.extensions.embedding.SplitRule.FINISH_ADJACENT}" />
    </annotation>
  </item>
  <item name="androidx.window.extensions.embedding.SplitPairRule SplitPairRule(float, int, int, int, boolean, java.util.function.Predicate&lt;android.util.Pair&lt;android.app.Activity,android.app.Activity&gt;&gt;, java.util.function.Predicate&lt;android.util.Pair&lt;android.app.Activity,android.content.Intent&gt;&gt;, java.util.function.Predicate&lt;android.view.WindowMetrics&gt;) 3">
    <annotation name="androidx.annotation.IntDef">
      <val name="value" val="{androidx.window.extensions.embedding.SplitRule.FINISH_NEVER, androidx.window.extensions.embedding.SplitRule.FINISH_ALWAYS, androidx.window.extensions.embedding.SplitRule.FINISH_ADJACENT}" />
    </annotation>
  </item>
  <item name="androidx.window.extensions.embedding.SplitPairRule int getFinishPrimaryWithSecondary()">
    <annotation name="androidx.annotation.IntDef">
      <val name="value" val="{androidx.window.extensions.embedding.SplitRule.FINISH_NEVER, androidx.window.extensions.embedding.SplitRule.FINISH_ALWAYS, androidx.window.extensions.embedding.SplitRule.FINISH_ADJACENT}" />
    </annotation>
  </item>
  <item name="androidx.window.extensions.embedding.SplitPairRule int getFinishSecondaryWithPrimary()">
    <annotation name="androidx.annotation.IntDef">
      <val name="value" val="{androidx.window.extensions.embedding.SplitRule.FINISH_NEVER, androidx.window.extensions.embedding.SplitRule.FINISH_ALWAYS, androidx.window.extensions.embedding.SplitRule.FINISH_ADJACENT}" />
    </annotation>
  </item>
  <item name="androidx.window.extensions.embedding.SplitPairRule mFinishPrimaryWithSecondary">
    <annotation name="androidx.annotation.IntDef">
      <val name="value" val="{androidx.window.extensions.embedding.SplitRule.FINISH_NEVER, androidx.window.extensions.embedding.SplitRule.FINISH_ALWAYS, androidx.window.extensions.embedding.SplitRule.FINISH_ADJACENT}" />
    </annotation>
  </item>
  <item name="androidx.window.extensions.embedding.SplitPairRule mFinishSecondaryWithPrimary">
    <annotation name="androidx.annotation.IntDef">
      <val name="value" val="{androidx.window.extensions.embedding.SplitRule.FINISH_NEVER, androidx.window.extensions.embedding.SplitRule.FINISH_ALWAYS, androidx.window.extensions.embedding.SplitRule.FINISH_ADJACENT}" />
    </annotation>
  </item>
  <item name="androidx.window.extensions.embedding.SplitPairRule.Builder androidx.window.extensions.embedding.SplitPairRule.Builder setFinishPrimaryWithSecondary(int) 0">
    <annotation name="androidx.annotation.IntDef">
      <val name="value" val="{androidx.window.extensions.embedding.SplitRule.FINISH_NEVER, androidx.window.extensions.embedding.SplitRule.FINISH_ALWAYS, androidx.window.extensions.embedding.SplitRule.FINISH_ADJACENT}" />
    </annotation>
  </item>
  <item name="androidx.window.extensions.embedding.SplitPairRule.Builder androidx.window.extensions.embedding.SplitPairRule.Builder setFinishSecondaryWithPrimary(int) 0">
    <annotation name="androidx.annotation.IntDef">
      <val name="value" val="{androidx.window.extensions.embedding.SplitRule.FINISH_NEVER, androidx.window.extensions.embedding.SplitRule.FINISH_ALWAYS, androidx.window.extensions.embedding.SplitRule.FINISH_ADJACENT}" />
    </annotation>
  </item>
  <item name="androidx.window.extensions.embedding.SplitPairRule.Builder androidx.window.extensions.embedding.SplitPairRule.Builder setLayoutDirection(int) 0">
    <annotation name="androidx.annotation.IntDef">
      <val name="value" val="{android.util.LayoutDirection.LTR, android.util.LayoutDirection.RTL, android.util.LayoutDirection.LOCALE}" />
    </annotation>
  </item>
  <item name="androidx.window.extensions.embedding.SplitPairRule.Builder mFinishPrimaryWithSecondary">
    <annotation name="androidx.annotation.IntDef">
      <val name="value" val="{androidx.window.extensions.embedding.SplitRule.FINISH_NEVER, androidx.window.extensions.embedding.SplitRule.FINISH_ALWAYS, androidx.window.extensions.embedding.SplitRule.FINISH_ADJACENT}" />
    </annotation>
  </item>
  <item name="androidx.window.extensions.embedding.SplitPairRule.Builder mFinishSecondaryWithPrimary">
    <annotation name="androidx.annotation.IntDef">
      <val name="value" val="{androidx.window.extensions.embedding.SplitRule.FINISH_NEVER, androidx.window.extensions.embedding.SplitRule.FINISH_ALWAYS, androidx.window.extensions.embedding.SplitRule.FINISH_ADJACENT}" />
    </annotation>
  </item>
  <item name="androidx.window.extensions.embedding.SplitPairRule.Builder mLayoutDirection">
    <annotation name="androidx.annotation.IntDef">
      <val name="value" val="{android.util.LayoutDirection.LTR, android.util.LayoutDirection.RTL, android.util.LayoutDirection.LOCALE}" />
    </annotation>
  </item>
  <item name="androidx.window.extensions.embedding.SplitPlaceholderRule SplitPlaceholderRule(android.content.Intent, float, int, boolean, int, java.util.function.Predicate&lt;android.app.Activity&gt;, java.util.function.Predicate&lt;android.content.Intent&gt;, java.util.function.Predicate&lt;android.view.WindowMetrics&gt;) 2">
    <annotation name="androidx.annotation.IntDef">
      <val name="value" val="{android.util.LayoutDirection.LTR, android.util.LayoutDirection.RTL, android.util.LayoutDirection.LOCALE}" />
    </annotation>
  </item>
  <item name="androidx.window.extensions.embedding.SplitPlaceholderRule SplitPlaceholderRule(android.content.Intent, float, int, boolean, int, java.util.function.Predicate&lt;android.app.Activity&gt;, java.util.function.Predicate&lt;android.content.Intent&gt;, java.util.function.Predicate&lt;android.view.WindowMetrics&gt;) 4">
    <annotation name="androidx.annotation.IntDef">
      <val name="value" val="{androidx.window.extensions.embedding.SplitRule.FINISH_NEVER, androidx.window.extensions.embedding.SplitRule.FINISH_ALWAYS, androidx.window.extensions.embedding.SplitRule.FINISH_ADJACENT}" />
    </annotation>
  </item>
  <item name="androidx.window.extensions.embedding.SplitPlaceholderRule int getFinishPrimaryWithSecondary()">
    <annotation name="androidx.annotation.IntDef">
      <val name="value" val="{androidx.window.extensions.embedding.SplitRule.FINISH_NEVER, androidx.window.extensions.embedding.SplitRule.FINISH_ALWAYS, androidx.window.extensions.embedding.SplitRule.FINISH_ADJACENT}" />
    </annotation>
  </item>
  <item name="androidx.window.extensions.embedding.SplitPlaceholderRule mFinishPrimaryWithSecondary">
    <annotation name="androidx.annotation.IntDef">
      <val name="value" val="{androidx.window.extensions.embedding.SplitRule.FINISH_NEVER, androidx.window.extensions.embedding.SplitRule.FINISH_ALWAYS, androidx.window.extensions.embedding.SplitRule.FINISH_ADJACENT}" />
    </annotation>
  </item>
  <item name="androidx.window.extensions.embedding.SplitPlaceholderRule.Builder androidx.window.extensions.embedding.SplitPlaceholderRule.Builder setFinishPrimaryWithSecondary(int) 0">
    <annotation name="androidx.annotation.IntDef">
      <val name="value" val="{androidx.window.extensions.embedding.SplitRule.FINISH_NEVER, androidx.window.extensions.embedding.SplitRule.FINISH_ALWAYS, androidx.window.extensions.embedding.SplitRule.FINISH_ADJACENT}" />
    </annotation>
  </item>
  <item name="androidx.window.extensions.embedding.SplitPlaceholderRule.Builder androidx.window.extensions.embedding.SplitPlaceholderRule.Builder setLayoutDirection(int) 0">
    <annotation name="androidx.annotation.IntDef">
      <val name="value" val="{android.util.LayoutDirection.LTR, android.util.LayoutDirection.RTL, android.util.LayoutDirection.LOCALE}" />
    </annotation>
  </item>
  <item name="androidx.window.extensions.embedding.SplitPlaceholderRule.Builder mFinishPrimaryWithSecondary">
    <annotation name="androidx.annotation.IntDef">
      <val name="value" val="{androidx.window.extensions.embedding.SplitRule.FINISH_NEVER, androidx.window.extensions.embedding.SplitRule.FINISH_ALWAYS, androidx.window.extensions.embedding.SplitRule.FINISH_ADJACENT}" />
    </annotation>
  </item>
  <item name="androidx.window.extensions.embedding.SplitPlaceholderRule.Builder mLayoutDirection">
    <annotation name="androidx.annotation.IntDef">
      <val name="value" val="{android.util.LayoutDirection.LTR, android.util.LayoutDirection.RTL, android.util.LayoutDirection.LOCALE}" />
    </annotation>
  </item>
  <item name="androidx.window.extensions.embedding.SplitRule SplitRule(java.util.function.Predicate&lt;android.view.WindowMetrics&gt;, float, int) 2">
    <annotation name="androidx.annotation.IntDef">
      <val name="value" val="{android.util.LayoutDirection.LTR, android.util.LayoutDirection.RTL, android.util.LayoutDirection.LOCALE}" />
    </annotation>
  </item>
  <item name="androidx.window.extensions.embedding.SplitRule int getLayoutDirection()">
    <annotation name="androidx.annotation.IntDef">
      <val name="value" val="{android.util.LayoutDirection.LTR, android.util.LayoutDirection.RTL, android.util.LayoutDirection.LOCALE}" />
    </annotation>
  </item>
  <item name="androidx.window.extensions.embedding.SplitRule mLayoutDirection">
    <annotation name="androidx.annotation.IntDef">
      <val name="value" val="{android.util.LayoutDirection.LTR, android.util.LayoutDirection.RTL, android.util.LayoutDirection.LOCALE}" />
    </annotation>
  </item>
</root>

