<?xml version="1.0" encoding="UTF-8"?>
<!-- 
     Copyright (C) 2018 The Android Open Source Project

     Licensed under the Apache License, Version 2.0 (the "License");
     you may not use this file except in compliance with the License.
     You may obtain a copy of the License at

          http://www.apache.org/licenses/LICENSE-2.0

     Unless required by applicable law or agreed to in writing, software
     distributed under the License is distributed on an "AS IS" BASIS,
     WITHOUT WARRANTIES OR CONDITIONS OF ANY KIND, either express or implied.
     See the License for the specific language governing permissions and
     limitations under the License.
 -->

<resources xmlns:android="http://schemas.android.com/apk/res/android"
    xmlns:xliff="urn:oasis:names:tc:xliff:document:1.2">
    <string name="app_name" msgid="1647136562008520313">"Pozadina i stil"</string>
    <string name="theme_title" msgid="2144932106319405101">"Stil"</string>
    <string name="clock_title" msgid="2126046720254613991">"Sat"</string>
    <string name="grid_title" msgid="1688173478777254123">"Mreža apl."</string>
    <string name="apply_theme_btn" msgid="6293081192321303991">"Primeni"</string>
    <string name="edit_custom_theme_lbl" msgid="5211377705710775224">"Dodirnite da biste izmenili"</string>
    <string name="keep_my_wallpaper" msgid="8012385376769568517">"Zadrži aktuelnu pozadinu"</string>
    <string name="theme_preview_card_content_description" msgid="5989222908619535533">"Pregled stila"</string>
    <string name="grid_preview_card_content_description" msgid="8449383777584714842">"Pregled mreže"</string>
    <string name="font_preview_content_description" msgid="128230439293337891">"Pregled fonta"</string>
    <string name="icon_preview_content_description" msgid="7761101284351952890">"Pregled ikone"</string>
    <string name="color_preview_content_description" msgid="4879120462082058124">"Pregled boje"</string>
    <string name="shape_preview_content_description" msgid="6479487796176550432">"Pregled oblika"</string>
    <string name="option_applied_description" msgid="5022305212078053534">"<xliff:g id="ID_1">%1$s</xliff:g>, trenutno je primenjeno"</string>
    <string name="option_applied_previewed_description" msgid="5269654286638446858">"<xliff:g id="ID_1">%1$s</xliff:g>, trenutno je primenjeno i pregleda se"</string>
    <string name="option_previewed_description" msgid="3467217598865047661">"<xliff:g id="ID_1">%1$s</xliff:g>, trenutno se pregleda"</string>
    <string name="option_change_applied_previewed_description" msgid="9197311327728570816">"<xliff:g id="ID_1">%1$s</xliff:g>, promenite izabranu stavku koja se prikazuje"</string>
    <string name="theme_description" msgid="3697012391785254635">"Font: <xliff:g id="ID_1">%1$s</xliff:g>, ikone: <xliff:g id="ID_2">%2$s</xliff:g>, oblik: <xliff:g id="ID_3">%3$s</xliff:g>, boja: <xliff:g id="ID_4">%4$s</xliff:g>"</string>
    <string name="default_theme_title" msgid="2555741736622366797">"Podrazumevano"</string>
    <string name="preview_name_font" msgid="4465423899630037038">"Font"</string>
    <string name="preview_name_icon" msgid="6818927315316316440">"Ikona"</string>
    <string name="preview_name_color" msgid="8776203144994416172">"Boja"</string>
    <string name="preview_name_shape" msgid="5676971146080968721">"Oblik"</string>
    <string name="preview_name_wallpaper" msgid="1738652462949531828">"Pozadina"</string>
    <string name="font_card_title" msgid="2343292653502548685">"ABC • abc • 123"</string>
    <string name="font_card_body" msgid="6790525594503904468">"Dodajte omiljene fontove na svaki ekran"</string>
    <string name="grid_options_title" msgid="7071930966989877023">"Odaberite veličinu mreže"</string>
    <string name="grid_title_pattern" msgid="9188866567612607806">"<xliff:g id="ID_1">%1$d</xliff:g>x<xliff:g id="ID_2">%2$d</xliff:g>"</string>
    <string name="applied_theme_msg" msgid="3749018706366796244">"Stil je podešen"</string>
    <string name="applied_clock_msg" msgid="1303338016701443767">"Podešavanje sata je uspelo"</string>
    <string name="applied_grid_msg" msgid="3250499654436933034">"Mreža je podešena"</string>
    <string name="apply_theme_error_msg" msgid="791364062636538317">"Došlo je do problema pri primeni stila"</string>
    <string name="custom_theme_next" msgid="6235420097213197301">"Dalje"</string>
    <string name="custom_theme_previous" msgid="4941132112640503022">"Prethodno"</string>
    <string name="custom_theme" msgid="1618351922263478163">"Prilagođeno"</string>
    <string name="custom_theme_title" msgid="2192300350332693631">"Prilagođeno <xliff:g id="ID_1">%1$d</xliff:g>"</string>
    <string name="custom_theme_fragment_title" msgid="6615547284702040280">"Prilagođeni stil"</string>
    <string name="custom_theme_delete" msgid="4744494663184126202">"Izbriši"</string>
    <string name="font_component_title" msgid="8800340833695292049">"Izaberite font"</string>
    <string name="icon_component_title" msgid="5779787138399083903">"Izaberite ikone"</string>
    <string name="color_component_title" msgid="1194089273921078816">"Odaberite boju"</string>
    <string name="shape_component_title" msgid="8366847436022025538">"Odaberite oblik"</string>
    <string name="name_component_title" msgid="532425087968663437">"Imenujte stil"</string>
    <string name="icon_component_label" msgid="2625784884001407944">"Ikone <xliff:g id="ID_1">%1$d</xliff:g>"</string>
    <string name="delete_custom_theme_confirmation" msgid="4452137183628769394">"Želite li da izbrišete prilagođeni stil?"</string>
    <string name="delete_custom_theme_button" msgid="5102462988130208824">"Izbriši"</string>
    <string name="cancel" msgid="4651030493668562067">"Otkaži"</string>
    <string name="set_theme_wallpaper_dialog_message" msgid="2179661027350908003">"Podesite pozadinu stila"</string>
    <string name="use_style_instead_title" msgid="1578754995763917502">"Želite li da koristite: <xliff:g id="ID_1">%1$s</xliff:g>?"</string>
    <string name="use_style_instead_body" msgid="3051937045807471496">"Odabrane komponente odgovaraju stilu <xliff:g id="ID_1">%1$s</xliff:g>. Želite li da koristite: <xliff:g id="ID_2">%1$s</xliff:g>?"</string>
    <string name="use_style_button" msgid="1754493078383627019">"Koristi <xliff:g id="ID_1">%1$s</xliff:g>"</string>
    <string name="no_thanks" msgid="7286616980115687627">"Ne, hvala"</string>
    <string name="clock_preview_content_description" msgid="5460561185905717460">"Pregled sata <xliff:g id="ID_1">%1$s</xliff:g>"</string>
    <string name="something_went_wrong" msgid="529840112449799117">"Ups! Došlo je do greške."</string>
    <string name="theme_preview_icons_section_title" msgid="7064768910744000643">"Boja/ikone"</string>
    <string name="style_info_description" msgid="2612473574431003251">"Pregled fonta, ikona, oblika aplikacije i boje"</string>
    <string name="accessibility_custom_font_title" msgid="966867359157303705">"Prilagođeni font"</string>
    <string name="accessibility_custom_icon_title" msgid="5753297905849062296">"Prilagođena ikona"</string>
    <string name="accessibility_custom_color_title" msgid="4124246598886320663">"Prilagođena boja"</string>
    <string name="accessibility_custom_shape_title" msgid="7708408259374643129">"Prilagođeni oblik"</string>
    <string name="accessibility_custom_name_title" msgid="5494460518085463262">"Prilagođeni naziv stila"</string>
    <string name="mode_title" msgid="2394873501427436055">"Tamna tema"</string>
    <string name="mode_disabled_msg" msgid="9196245518435936512">"Privremeno je onemogućeno zbog uštede baterije"</string>
    <string name="mode_changed" msgid="2243581369395418584">"Tema je promenjena"</string>
    <string name="themed_icon_title" msgid="7312460430471956558">"Tematske ikone"</string>
    <string name="beta_title" msgid="8703819523760746458">"Beta"</string>
    <string name="gird_picker_entry_content_description" msgid="9087651470212293439">"Promenite mrežu aplikacija"</string>
</resources>
