<?xml version="1.0" encoding="UTF-8"?>
<root>
  <item name="android.media.tv.DvbDeviceInfo int getAdapterId()">
    <annotation name="androidx.annotation.IntRange">
      <val name="from" val="0" />
    </annotation>
  </item>
  <item name="android.media.tv.DvbDeviceInfo int getDeviceId()">
    <annotation name="androidx.annotation.IntRange">
      <val name="from" val="0" />
    </annotation>
  </item>
  <item name="android.media.tv.TunedInfo int getAppType()">
    <annotation name="androidx.annotation.IntDef">
      <val name="value" val="{android.media.tv.TunedInfo.APP_TYPE_SELF, android.media.tv.TunedInfo.APP_TYPE_SYSTEM, android.media.tv.TunedInfo.APP_TYPE_NON_SYSTEM}" />
    </annotation>
  </item>
  <item name="android.media.tv.TvContract.Channels java.lang.String getVideoResolution(java.lang.String) 0">
    <annotation name="androidx.annotation.StringDef">
      <val name="value" val="{android.media.tv.TvContract.Channels.VIDEO_FORMAT_240P, android.media.tv.TvContract.Channels.VIDEO_FORMAT_360P, android.media.tv.TvContract.Channels.VIDEO_FORMAT_480I, android.media.tv.TvContract.Channels.VIDEO_FORMAT_576I, android.media.tv.TvContract.Channels.VIDEO_FORMAT_576P, android.media.tv.TvContract.Channels.VIDEO_FORMAT_720P, android.media.tv.TvContract.Channels.VIDEO_FORMAT_1080I, android.media.tv.TvContract.Channels.VIDEO_FORMAT_1080P, android.media.tv.TvContract.Channels.VIDEO_FORMAT_2160P, android.media.tv.TvContract.Channels.VIDEO_FORMAT_4320P}" />
    </annotation>
  </item>
  <item name="android.media.tv.TvContract.Programs.Genres java.lang.String encode(java.lang.String...) 0">
    <annotation name="androidx.annotation.StringDef">
      <val name="value" val="{android.media.tv.TvContract.Programs.Genres.FAMILY_KIDS, android.media.tv.TvContract.Programs.Genres.SPORTS, android.media.tv.TvContract.Programs.Genres.SHOPPING, android.media.tv.TvContract.Programs.Genres.MOVIES, android.media.tv.TvContract.Programs.Genres.COMEDY, android.media.tv.TvContract.Programs.Genres.TRAVEL, android.media.tv.TvContract.Programs.Genres.DRAMA, android.media.tv.TvContract.Programs.Genres.EDUCATION, android.media.tv.TvContract.Programs.Genres.ANIMAL_WILDLIFE, android.media.tv.TvContract.Programs.Genres.NEWS, android.media.tv.TvContract.Programs.Genres.GAMING, android.media.tv.TvContract.Programs.Genres.ARTS, android.media.tv.TvContract.Programs.Genres.ENTERTAINMENT, android.media.tv.TvContract.Programs.Genres.LIFE_STYLE, android.media.tv.TvContract.Programs.Genres.MUSIC, android.media.tv.TvContract.Programs.Genres.PREMIER, android.media.tv.TvContract.Programs.Genres.TECH_SCIENCE}" />
    </annotation>
  </item>
  <item name="android.media.tv.TvContract.Programs.Genres java.lang.String[] decode(java.lang.String)">
    <annotation name="androidx.annotation.StringDef">
      <val name="value" val="{android.media.tv.TvContract.Programs.Genres.FAMILY_KIDS, android.media.tv.TvContract.Programs.Genres.SPORTS, android.media.tv.TvContract.Programs.Genres.SHOPPING, android.media.tv.TvContract.Programs.Genres.MOVIES, android.media.tv.TvContract.Programs.Genres.COMEDY, android.media.tv.TvContract.Programs.Genres.TRAVEL, android.media.tv.TvContract.Programs.Genres.DRAMA, android.media.tv.TvContract.Programs.Genres.EDUCATION, android.media.tv.TvContract.Programs.Genres.ANIMAL_WILDLIFE, android.media.tv.TvContract.Programs.Genres.NEWS, android.media.tv.TvContract.Programs.Genres.GAMING, android.media.tv.TvContract.Programs.Genres.ARTS, android.media.tv.TvContract.Programs.Genres.ENTERTAINMENT, android.media.tv.TvContract.Programs.Genres.LIFE_STYLE, android.media.tv.TvContract.Programs.Genres.MUSIC, android.media.tv.TvContract.Programs.Genres.PREMIER, android.media.tv.TvContract.Programs.Genres.TECH_SCIENCE}" />
    </annotation>
  </item>
  <item name="android.media.tv.TvInputHardwareInfo int getCableConnectionStatus()">
    <annotation name="androidx.annotation.IntDef">
      <val name="value" val="{android.media.tv.TvInputHardwareInfo.CABLE_CONNECTION_STATUS_UNKNOWN, android.media.tv.TvInputHardwareInfo.CABLE_CONNECTION_STATUS_CONNECTED, android.media.tv.TvInputHardwareInfo.CABLE_CONNECTION_STATUS_DISCONNECTED}" />
    </annotation>
  </item>
  <item name="android.media.tv.TvInputHardwareInfo.Builder android.media.tv.TvInputHardwareInfo.Builder cableConnectionStatus(int) 0">
    <annotation name="androidx.annotation.IntDef">
      <val name="value" val="{android.media.tv.TvInputHardwareInfo.CABLE_CONNECTION_STATUS_UNKNOWN, android.media.tv.TvInputHardwareInfo.CABLE_CONNECTION_STATUS_CONNECTED, android.media.tv.TvInputHardwareInfo.CABLE_CONNECTION_STATUS_DISCONNECTED}" />
    </annotation>
  </item>
  <item name="android.media.tv.TvInputInfo int getType()">
    <annotation name="androidx.annotation.IntDef">
      <val name="value" val="{android.media.tv.TvInputInfo.TYPE_TUNER, android.media.tv.TvInputInfo.TYPE_OTHER, android.media.tv.TvInputInfo.TYPE_COMPOSITE, android.media.tv.TvInputInfo.TYPE_SVIDEO, android.media.tv.TvInputInfo.TYPE_SCART, android.media.tv.TvInputInfo.TYPE_COMPONENT, android.media.tv.TvInputInfo.TYPE_VGA, android.media.tv.TvInputInfo.TYPE_DVI, android.media.tv.TvInputInfo.TYPE_HDMI, android.media.tv.TvInputInfo.TYPE_DISPLAY_PORT}" />
    </annotation>
  </item>
  <item name="android.media.tv.TvInputInfo.Builder android.media.tv.TvInputInfo.Builder setLabel(int) 0">
    <annotation name="androidx.annotation.StringRes"/>
  </item>
  <item name="android.media.tv.TvInputManager android.media.tv.TvInputManager.Hardware acquireTvInputHardware(int, android.media.tv.TvInputInfo, android.media.tv.TvInputManager.HardwareCallback)">
    <annotation name="androidx.annotation.RequiresPermission">
      <val name="value" val="&quot;android.permission.TV_INPUT_HARDWARE&quot;" />
    </annotation>
  </item>
  <item name="android.media.tv.TvInputManager android.media.tv.TvInputManager.Hardware acquireTvInputHardware(int, android.media.tv.TvInputInfo, java.lang.String, int, java.util.concurrent.Executor, android.media.tv.TvInputManager.HardwareCallback)">
    <annotation name="androidx.annotation.RequiresPermission">
      <val name="value" val="&quot;android.permission.TV_INPUT_HARDWARE&quot;" />
    </annotation>
  </item>
  <item name="android.media.tv.TvInputManager android.media.tv.TvInputManager.Hardware acquireTvInputHardware(int, android.media.tv.TvInputInfo, java.lang.String, int, java.util.concurrent.Executor, android.media.tv.TvInputManager.HardwareCallback) 3">
    <annotation name="androidx.annotation.IntDef">
      <val name="value" val="{android.media.tv.TvInputService.PRIORITY_HINT_USE_CASE_TYPE_BACKGROUND, android.media.tv.TvInputService.PRIORITY_HINT_USE_CASE_TYPE_SCAN, android.media.tv.TvInputService.PRIORITY_HINT_USE_CASE_TYPE_PLAYBACK, android.media.tv.TvInputService.PRIORITY_HINT_USE_CASE_TYPE_LIVE, android.media.tv.TvInputService.PRIORITY_HINT_USE_CASE_TYPE_RECORD}" />
    </annotation>
  </item>
  <item name="android.media.tv.TvInputManager android.os.ParcelFileDescriptor openDvbDevice(android.media.tv.DvbDeviceInfo, int)">
    <annotation name="androidx.annotation.RequiresPermission">
      <val name="value" val="&quot;android.permission.DVB_DEVICE&quot;" />
    </annotation>
  </item>
  <item name="android.media.tv.TvInputManager android.os.ParcelFileDescriptor openDvbDevice(android.media.tv.DvbDeviceInfo, int) 1">
  </item>
  <item name="android.media.tv.TvInputManager boolean captureFrame(java.lang.String, android.view.Surface, android.media.tv.TvStreamConfig)">
    <annotation name="androidx.annotation.RequiresPermission">
      <val name="value" val="&quot;android.permission.CAPTURE_TV_INPUT&quot;" />
    </annotation>
  </item>
  <item name="android.media.tv.TvInputManager boolean isSingleSessionActive()">
    <annotation name="androidx.annotation.RequiresPermission">
      <val name="value" val="&quot;android.permission.CAPTURE_TV_INPUT&quot;" />
    </annotation>
  </item>
  <item name="android.media.tv.TvInputManager int getInputState(java.lang.String)">
    <annotation name="androidx.annotation.IntDef">
      <val name="value" val="{android.media.tv.TvInputManager.INPUT_STATE_CONNECTED, android.media.tv.TvInputManager.INPUT_STATE_CONNECTED_STANDBY, android.media.tv.TvInputManager.INPUT_STATE_DISCONNECTED}" />
    </annotation>
  </item>
  <item name="android.media.tv.TvInputManager java.util.List&lt;android.media.tv.DvbDeviceInfo&gt; getDvbDeviceList()">
    <annotation name="androidx.annotation.RequiresPermission">
      <val name="value" val="&quot;android.permission.DVB_DEVICE&quot;" />
    </annotation>
  </item>
  <item name="android.media.tv.TvInputManager java.util.List&lt;android.media.tv.TunedInfo&gt; getCurrentTunedInfos()">
    <annotation name="androidx.annotation.RequiresPermission">
      <val name="value" val="&quot;android.permission.ACCESS_TUNED_INFO&quot;" />
    </annotation>
  </item>
  <item name="android.media.tv.TvInputManager java.util.List&lt;android.media.tv.TvContentRatingSystemInfo&gt; getTvContentRatingSystemList()">
    <annotation name="androidx.annotation.RequiresPermission">
      <val name="value" val="&quot;android.permission.READ_CONTENT_RATING_SYSTEMS&quot;" />
    </annotation>
  </item>
  <item name="android.media.tv.TvInputManager java.util.List&lt;android.media.tv.TvInputHardwareInfo&gt; getHardwareList()">
    <annotation name="androidx.annotation.RequiresPermission">
      <val name="value" val="&quot;android.permission.TV_INPUT_HARDWARE&quot;" />
    </annotation>
  </item>
  <item name="android.media.tv.TvInputManager java.util.List&lt;android.media.tv.TvStreamConfig&gt; getAvailableTvStreamConfigList(java.lang.String)">
    <annotation name="androidx.annotation.RequiresPermission">
      <val name="value" val="&quot;android.permission.CAPTURE_TV_INPUT&quot;" />
    </annotation>
  </item>
  <item name="android.media.tv.TvInputManager void addBlockedRating(android.media.tv.TvContentRating)">
    <annotation name="androidx.annotation.RequiresPermission">
      <val name="value" val="&quot;android.permission.MODIFY_PARENTAL_CONTROLS&quot;" />
    </annotation>
  </item>
  <item name="android.media.tv.TvInputManager void notifyPreviewProgramAddedToWatchNext(java.lang.String, long, long)">
    <annotation name="androidx.annotation.RequiresPermission">
      <val name="value" val="&quot;android.permission.NOTIFY_TV_INPUTS&quot;" />
    </annotation>
  </item>
  <item name="android.media.tv.TvInputManager void notifyPreviewProgramBrowsableDisabled(java.lang.String, long)">
    <annotation name="androidx.annotation.RequiresPermission">
      <val name="value" val="&quot;android.permission.NOTIFY_TV_INPUTS&quot;" />
    </annotation>
  </item>
  <item name="android.media.tv.TvInputManager void notifyWatchNextProgramBrowsableDisabled(java.lang.String, long)">
    <annotation name="androidx.annotation.RequiresPermission">
      <val name="value" val="&quot;android.permission.NOTIFY_TV_INPUTS&quot;" />
    </annotation>
  </item>
  <item name="android.media.tv.TvInputManager void releaseTvInputHardware(int, android.media.tv.TvInputManager.Hardware)">
    <annotation name="androidx.annotation.RequiresPermission">
      <val name="value" val="&quot;android.permission.TV_INPUT_HARDWARE&quot;" />
    </annotation>
  </item>
  <item name="android.media.tv.TvInputManager void removeBlockedRating(android.media.tv.TvContentRating)">
    <annotation name="androidx.annotation.RequiresPermission">
      <val name="value" val="&quot;android.permission.MODIFY_PARENTAL_CONTROLS&quot;" />
    </annotation>
  </item>
  <item name="android.media.tv.TvInputManager void setParentalControlsEnabled(boolean)">
    <annotation name="androidx.annotation.RequiresPermission">
      <val name="value" val="&quot;android.permission.MODIFY_PARENTAL_CONTROLS&quot;" />
    </annotation>
  </item>
  <item name="android.media.tv.TvInputManager.TvInputCallback void onCurrentTunedInfosUpdated(java.util.List<android.media.tv.TunedInfo>)">
    <annotation name="androidx.annotation.RequiresPermission">
      <val name="value" val="&quot;android.permission.ACCESS_TUNED_INFO&quot;" />
    </annotation>
  </item>
  <item name="android.media.tv.TvInputManager.TvInputCallback void onInputStateChanged(java.lang.String, int) 1">
    <annotation name="androidx.annotation.IntDef">
      <val name="value" val="{android.media.tv.TvInputManager.INPUT_STATE_CONNECTED, android.media.tv.TvInputManager.INPUT_STATE_CONNECTED_STANDBY, android.media.tv.TvInputManager.INPUT_STATE_DISCONNECTED}" />
    </annotation>
  </item>
  <item name="android.media.tv.TvInputService.RecordingSession void notifyError(int) 0">
    <annotation name="androidx.annotation.IntDef">
      <val name="value" val="{android.media.tv.TvInputManager.RECORDING_ERROR_UNKNOWN, android.media.tv.TvInputManager.RECORDING_ERROR_INSUFFICIENT_SPACE, android.media.tv.TvInputManager.RECORDING_ERROR_RESOURCE_BUSY}" />
    </annotation>
  </item>
  <item name="android.media.tv.TvInputService.Session void notifyTimeShiftStatusChanged(int) 0">
    <annotation name="androidx.annotation.IntDef">
      <val name="value" val="{android.media.tv.TvInputManager.TIME_SHIFT_STATUS_UNKNOWN, android.media.tv.TvInputManager.TIME_SHIFT_STATUS_UNSUPPORTED, android.media.tv.TvInputManager.TIME_SHIFT_STATUS_UNAVAILABLE, android.media.tv.TvInputManager.TIME_SHIFT_STATUS_AVAILABLE}" />
    </annotation>
  </item>
  <item name="android.media.tv.TvInputService.Session void notifyVideoUnavailable(int) 0">
    <annotation name="androidx.annotation.IntDef">
      <val name="value" val="{android.media.tv.TvInputManager.VIDEO_UNAVAILABLE_REASON_UNKNOWN, android.media.tv.TvInputManager.VIDEO_UNAVAILABLE_REASON_TUNING, android.media.tv.TvInputManager.VIDEO_UNAVAILABLE_REASON_WEAK_SIGNAL, android.media.tv.TvInputManager.VIDEO_UNAVAILABLE_REASON_BUFFERING, android.media.tv.TvInputManager.VIDEO_UNAVAILABLE_REASON_AUDIO_ONLY, android.media.tv.TvInputManager.VIDEO_UNAVAILABLE_REASON_INSUFFICIENT_RESOURCE, android.media.tv.TvInputManager.VIDEO_UNAVAILABLE_REASON_CAS_INSUFFICIENT_OUTPUT_PROTECTION, android.media.tv.TvInputManager.VIDEO_UNAVAILABLE_REASON_CAS_PVR_RECORDING_NOT_ALLOWED, android.media.tv.TvInputManager.VIDEO_UNAVAILABLE_REASON_CAS_PVR_RECORDING_NOT_ALLOWED, android.media.tv.TvInputManager.VIDEO_UNAVAILABLE_REASON_CAS_LICENSE_EXPIRED, android.media.tv.TvInputManager.VIDEO_UNAVAILABLE_REASON_CAS_NEED_ACTIVATION, android.media.tv.TvInputManager.VIDEO_UNAVAILABLE_REASON_CAS_NEED_PAIRING, android.media.tv.TvInputManager.VIDEO_UNAVAILABLE_REASON_CAS_NO_CARD, android.media.tv.TvInputManager.VIDEO_UNAVAILABLE_REASON_CAS_CARD_MUTE, android.media.tv.TvInputManager.VIDEO_UNAVAILABLE_REASON_CAS_CARD_INVALID, android.media.tv.TvInputManager.VIDEO_UNAVAILABLE_REASON_CAS_BLACKOUT, android.media.tv.TvInputManager.VIDEO_UNAVAILABLE_REASON_CAS_REBOOTING, android.media.tv.TvInputManager.VIDEO_UNAVAILABLE_REASON_CAS_UNKNOWN}" />
    </annotation>
  </item>
  <item name="android.media.tv.TvInputService.Session void onSetStreamVolume(float) 0">
    <annotation name="androidx.annotation.FloatRange">
      <val name="from" val="0.0" />
      <val name="to" val="1.0" />
    </annotation>
  </item>
  <item name="android.media.tv.TvRecordingClient.RecordingCallback void onError(int) 0">
    <annotation name="androidx.annotation.IntDef">
      <val name="value" val="{android.media.tv.TvInputManager.RECORDING_ERROR_UNKNOWN, android.media.tv.TvInputManager.RECORDING_ERROR_INSUFFICIENT_SPACE, android.media.tv.TvInputManager.RECORDING_ERROR_RESOURCE_BUSY}" />
    </annotation>
  </item>
  <item name="android.media.tv.TvTrackInfo int getType()">
    <annotation name="androidx.annotation.IntDef">
      <val name="value" val="{android.media.tv.TvTrackInfo.TYPE_AUDIO, android.media.tv.TvTrackInfo.TYPE_VIDEO, android.media.tv.TvTrackInfo.TYPE_SUBTITLE}" />
    </annotation>
  </item>
  <item name="android.media.tv.TvTrackInfo.Builder Builder(int, java.lang.String) 0">
    <annotation name="androidx.annotation.IntDef">
      <val name="value" val="{android.media.tv.TvTrackInfo.TYPE_AUDIO, android.media.tv.TvTrackInfo.TYPE_VIDEO, android.media.tv.TvTrackInfo.TYPE_SUBTITLE}" />
    </annotation>
  </item>
  <item name="android.media.tv.TvView void setMain()">
    <annotation name="androidx.annotation.RequiresPermission">
      <val name="value" val="&quot;android.permission.CHANGE_HDMI_CEC_ACTIVE_SOURCE&quot;" />
    </annotation>
  </item>
  <item name="android.media.tv.TvView void setStreamVolume(float) 0">
    <annotation name="androidx.annotation.FloatRange">
      <val name="from" val="0.0" />
      <val name="to" val="1.0" />
    </annotation>
  </item>
  <item name="android.media.tv.TvView void unblockContent(android.media.tv.TvContentRating)">
    <annotation name="androidx.annotation.RequiresPermission">
      <val name="value" val="&quot;android.permission.MODIFY_PARENTAL_CONTROLS&quot;" />
    </annotation>
  </item>
  <item name="android.media.tv.TvView.TvInputCallback void onTimeShiftStatusChanged(java.lang.String, int) 1">
    <annotation name="androidx.annotation.IntDef">
      <val name="value" val="{android.media.tv.TvInputManager.TIME_SHIFT_STATUS_UNKNOWN, android.media.tv.TvInputManager.TIME_SHIFT_STATUS_UNSUPPORTED, android.media.tv.TvInputManager.TIME_SHIFT_STATUS_UNAVAILABLE, android.media.tv.TvInputManager.TIME_SHIFT_STATUS_AVAILABLE}" />
    </annotation>
  </item>
  <item name="android.media.tv.TvView.TvInputCallback void onVideoUnavailable(java.lang.String, int) 1">
    <annotation name="androidx.annotation.IntDef">
      <val name="value" val="{android.media.tv.TvInputManager.VIDEO_UNAVAILABLE_REASON_UNKNOWN, android.media.tv.TvInputManager.VIDEO_UNAVAILABLE_REASON_TUNING, android.media.tv.TvInputManager.VIDEO_UNAVAILABLE_REASON_WEAK_SIGNAL, android.media.tv.TvInputManager.VIDEO_UNAVAILABLE_REASON_BUFFERING, android.media.tv.TvInputManager.VIDEO_UNAVAILABLE_REASON_AUDIO_ONLY, android.media.tv.TvInputManager.VIDEO_UNAVAILABLE_REASON_INSUFFICIENT_RESOURCE, android.media.tv.TvInputManager.VIDEO_UNAVAILABLE_REASON_CAS_INSUFFICIENT_OUTPUT_PROTECTION, android.media.tv.TvInputManager.VIDEO_UNAVAILABLE_REASON_CAS_PVR_RECORDING_NOT_ALLOWED, android.media.tv.TvInputManager.VIDEO_UNAVAILABLE_REASON_CAS_PVR_RECORDING_NOT_ALLOWED, android.media.tv.TvInputManager.VIDEO_UNAVAILABLE_REASON_CAS_LICENSE_EXPIRED, android.media.tv.TvInputManager.VIDEO_UNAVAILABLE_REASON_CAS_NEED_ACTIVATION, android.media.tv.TvInputManager.VIDEO_UNAVAILABLE_REASON_CAS_NEED_PAIRING, android.media.tv.TvInputManager.VIDEO_UNAVAILABLE_REASON_CAS_NO_CARD, android.media.tv.TvInputManager.VIDEO_UNAVAILABLE_REASON_CAS_CARD_MUTE, android.media.tv.TvInputManager.VIDEO_UNAVAILABLE_REASON_CAS_CARD_INVALID, android.media.tv.TvInputManager.VIDEO_UNAVAILABLE_REASON_CAS_BLACKOUT, android.media.tv.TvInputManager.VIDEO_UNAVAILABLE_REASON_CAS_REBOOTING, android.media.tv.TvInputManager.VIDEO_UNAVAILABLE_REASON_CAS_UNKNOWN}" />
    </annotation>
  </item>
</root>

