<?xml version="1.0" encoding="UTF-8"?>
<root>
  <item name="android.window.SplashScreen void setSplashScreenTheme(int) 0">
    <annotation name="androidx.annotation.StyleRes"/>
  </item>
  <item name="android.window.SplashScreen.OnExitAnimationListener void onSplashScreenExit(android.window.SplashScreenView)">
    <annotation name="androidx.annotation.UiThread"/>
  </item>
  <item name="android.window.SplashScreenView void remove()">
    <annotation name="androidx.annotation.UiThread"/>
  </item>
</root>

