<?xml version="1.0" encoding="UTF-8"?>
<root>
  <item name="android.provider.MediaStore QUERY_ARG_MATCH_FAVORITE">
    <annotation name="androidx.annotation.IntDef">
      <val name="flag" val="true" />
      <val name="value" val="{android.provider.MediaStore.MATCH_DEFAULT, android.provider.MediaStore.MATCH_INCLUDE, android.provider.MediaStore.MATCH_EXCLUDE, android.provider.MediaStore.MATCH_ONLY}" />
    </annotation>
  </item>
  <item name="android.provider.MediaStore QUERY_ARG_MATCH_PENDING">
    <annotation name="androidx.annotation.IntDef">
      <val name="flag" val="true" />
      <val name="value" val="{android.provider.MediaStore.MATCH_DEFAULT, android.provider.MediaStore.MATCH_INCLUDE, android.provider.MediaStore.MATCH_EXCLUDE, android.provider.MediaStore.MATCH_ONLY}" />
    </annotation>
  </item>
  <item name="android.provider.MediaStore QUERY_ARG_MATCH_TRASHED">
    <annotation name="androidx.annotation.IntDef">
      <val name="flag" val="true" />
      <val name="value" val="{android.provider.MediaStore.MATCH_DEFAULT, android.provider.MediaStore.MATCH_INCLUDE, android.provider.MediaStore.MATCH_EXCLUDE, android.provider.MediaStore.MATCH_ONLY}" />
    </annotation>
  </item>
  <item name="android.provider.MediaStore android.net.Uri scanFile(android.content.ContentResolver, java.io.File)">
    <annotation name="androidx.annotation.WorkerThread"/>
  </item>
  <item name="android.provider.MediaStore void scanVolume(android.content.ContentResolver, java.lang.String)">
    <annotation name="androidx.annotation.WorkerThread"/>
  </item>
  <item name="android.provider.MediaStore void waitForIdle(android.content.ContentResolver)">
    <annotation name="androidx.annotation.WorkerThread"/>
  </item>
</root>

