<?xml version="1.0" encoding="UTF-8"?>
<root>
  <item name="android.service.euicc.DownloadSubscriptionResult DownloadSubscriptionResult(int, int, int) 0">
    <annotation name="androidx.annotation.IntDef">
      <val name="value" val="{android.service.euicc.EuiccService.RESULT_OK, android.service.euicc.EuiccService.RESULT_MUST_DEACTIVATE_SIM, android.service.euicc.EuiccService.RESULT_RESOLVABLE_ERRORS, android.service.euicc.EuiccService.RESULT_NEED_CONFIRMATION_CODE, android.service.euicc.EuiccService.RESULT_FIRST_USER}" />
    </annotation>
  </item>
  <item name="android.service.euicc.DownloadSubscriptionResult DownloadSubscriptionResult(int, int, int) 1">
    <annotation name="androidx.annotation.IntDef">
      <val name="flag" val="true" />
      <val name="value" val="{android.service.euicc.EuiccService.RESOLVABLE_ERROR_CONFIRMATION_CODE, android.service.euicc.EuiccService.RESOLVABLE_ERROR_POLICY_RULES}" />
    </annotation>
  </item>
  <item name="android.service.euicc.DownloadSubscriptionResult int getResolvableErrors()">
    <annotation name="androidx.annotation.IntDef">
      <val name="flag" val="true" />
      <val name="value" val="{android.service.euicc.EuiccService.RESOLVABLE_ERROR_CONFIRMATION_CODE, android.service.euicc.EuiccService.RESOLVABLE_ERROR_POLICY_RULES}" />
    </annotation>
  </item>
  <item name="android.service.euicc.DownloadSubscriptionResult int getResult()">
    <annotation name="androidx.annotation.IntDef">
      <val name="value" val="{android.service.euicc.EuiccService.RESULT_OK, android.service.euicc.EuiccService.RESULT_MUST_DEACTIVATE_SIM, android.service.euicc.EuiccService.RESULT_RESOLVABLE_ERRORS, android.service.euicc.EuiccService.RESULT_NEED_CONFIRMATION_CODE, android.service.euicc.EuiccService.RESULT_FIRST_USER}" />
    </annotation>
  </item>
  <item name="android.service.euicc.EuiccProfileInfo boolean hasPolicyRule(int) 0">
    <annotation name="androidx.annotation.IntDef">
      <val name="flag" val="true" />
      <val name="value" val="{android.service.euicc.EuiccProfileInfo.POLICY_RULE_DO_NOT_DISABLE, android.service.euicc.EuiccProfileInfo.POLICY_RULE_DO_NOT_DELETE, android.service.euicc.EuiccProfileInfo.POLICY_RULE_DELETE_AFTER_DISABLING}" />
    </annotation>
  </item>
  <item name="android.service.euicc.EuiccProfileInfo int getPolicyRules()">
    <annotation name="androidx.annotation.IntDef">
      <val name="flag" val="true" />
      <val name="value" val="{android.service.euicc.EuiccProfileInfo.POLICY_RULE_DO_NOT_DISABLE, android.service.euicc.EuiccProfileInfo.POLICY_RULE_DO_NOT_DELETE, android.service.euicc.EuiccProfileInfo.POLICY_RULE_DELETE_AFTER_DISABLING}" />
    </annotation>
  </item>
  <item name="android.service.euicc.EuiccProfileInfo int getProfileClass()">
    <annotation name="androidx.annotation.IntDef">
      <val name="value" val="{android.service.euicc.EuiccProfileInfo.PROFILE_CLASS_TESTING, android.service.euicc.EuiccProfileInfo.PROFILE_CLASS_PROVISIONING, android.service.euicc.EuiccProfileInfo.PROFILE_CLASS_OPERATIONAL}" />
    </annotation>
  </item>
  <item name="android.service.euicc.EuiccProfileInfo int getState()">
    <annotation name="androidx.annotation.IntDef">
      <val name="value" val="{android.service.euicc.EuiccProfileInfo.PROFILE_STATE_DISABLED, android.service.euicc.EuiccProfileInfo.PROFILE_STATE_ENABLED}" />
    </annotation>
  </item>
  <item name="android.service.euicc.EuiccProfileInfo.Builder android.service.euicc.EuiccProfileInfo.Builder setPolicyRules(int) 0">
    <annotation name="androidx.annotation.IntDef">
      <val name="flag" val="true" />
      <val name="value" val="{android.service.euicc.EuiccProfileInfo.POLICY_RULE_DO_NOT_DISABLE, android.service.euicc.EuiccProfileInfo.POLICY_RULE_DO_NOT_DELETE, android.service.euicc.EuiccProfileInfo.POLICY_RULE_DELETE_AFTER_DISABLING}" />
    </annotation>
  </item>
  <item name="android.service.euicc.EuiccProfileInfo.Builder android.service.euicc.EuiccProfileInfo.Builder setProfileClass(int) 0">
    <annotation name="androidx.annotation.IntDef">
      <val name="value" val="{android.service.euicc.EuiccProfileInfo.PROFILE_CLASS_TESTING, android.service.euicc.EuiccProfileInfo.PROFILE_CLASS_PROVISIONING, android.service.euicc.EuiccProfileInfo.PROFILE_CLASS_OPERATIONAL}" />
    </annotation>
  </item>
  <item name="android.service.euicc.EuiccProfileInfo.Builder android.service.euicc.EuiccProfileInfo.Builder setState(int) 0">
    <annotation name="androidx.annotation.IntDef">
      <val name="value" val="{android.service.euicc.EuiccProfileInfo.PROFILE_STATE_DISABLED, android.service.euicc.EuiccProfileInfo.PROFILE_STATE_ENABLED}" />
    </annotation>
  </item>
  <item name="android.service.euicc.EuiccService android.os.IBinder onBind(android.content.Intent)">
    <annotation name="androidx.annotation.CallSuper"/>
  </item>
  <item name="android.service.euicc.EuiccService int onDeleteSubscription(int, java.lang.String)">
    <annotation name="androidx.annotation.IntDef">
      <val name="value" val="{android.service.euicc.EuiccService.RESULT_OK, android.service.euicc.EuiccService.RESULT_MUST_DEACTIVATE_SIM, android.service.euicc.EuiccService.RESULT_RESOLVABLE_ERRORS, android.service.euicc.EuiccService.RESULT_NEED_CONFIRMATION_CODE, android.service.euicc.EuiccService.RESULT_FIRST_USER}" />
    </annotation>
  </item>
  <item name="android.service.euicc.EuiccService int onDownloadSubscription(int, android.telephony.euicc.DownloadableSubscription, boolean, boolean)">
    <annotation name="androidx.annotation.IntDef">
      <val name="value" val="{android.service.euicc.EuiccService.RESULT_OK, android.service.euicc.EuiccService.RESULT_MUST_DEACTIVATE_SIM, android.service.euicc.EuiccService.RESULT_RESOLVABLE_ERRORS, android.service.euicc.EuiccService.RESULT_NEED_CONFIRMATION_CODE, android.service.euicc.EuiccService.RESULT_FIRST_USER}" />
    </annotation>
  </item>
  <item name="android.service.euicc.EuiccService int onEraseSubscriptions(int, int) 1">
    <annotation name="androidx.annotation.IntDef">
      <val name="flag" val="true" />
      <val name="value" val="{android.telephony.euicc.EuiccCardManager.RESET_OPTION_DELETE_OPERATIONAL_PROFILES, android.telephony.euicc.EuiccCardManager.RESET_OPTION_DELETE_FIELD_LOADED_TEST_PROFILES, android.telephony.euicc.EuiccCardManager.RESET_OPTION_RESET_DEFAULT_SMDP_ADDRESS}" />
    </annotation>
  </item>
  <item name="android.service.euicc.EuiccService int onGetOtaStatus(int)">
    <annotation name="androidx.annotation.IntDef">
      <val name="value" val="{android.telephony.euicc.EuiccManager.EUICC_OTA_IN_PROGRESS, android.telephony.euicc.EuiccManager.EUICC_OTA_FAILED, android.telephony.euicc.EuiccManager.EUICC_OTA_SUCCEEDED, android.telephony.euicc.EuiccManager.EUICC_OTA_NOT_NEEDED, android.telephony.euicc.EuiccManager.EUICC_OTA_STATUS_UNAVAILABLE}" />
    </annotation>
  </item>
  <item name="android.service.euicc.EuiccService int onSwitchToSubscription(int, java.lang.String, boolean)">
    <annotation name="androidx.annotation.IntDef">
      <val name="value" val="{android.service.euicc.EuiccService.RESULT_OK, android.service.euicc.EuiccService.RESULT_MUST_DEACTIVATE_SIM, android.service.euicc.EuiccService.RESULT_RESOLVABLE_ERRORS, android.service.euicc.EuiccService.RESULT_NEED_CONFIRMATION_CODE, android.service.euicc.EuiccService.RESULT_FIRST_USER}" />
    </annotation>
  </item>
  <item name="android.service.euicc.EuiccService void onCreate()">
    <annotation name="androidx.annotation.CallSuper"/>
  </item>
  <item name="android.service.euicc.EuiccService void onDestroy()">
    <annotation name="androidx.annotation.CallSuper"/>
  </item>
</root>

