<?xml version="1.0" encoding="UTF-8"?>
<root>
  <item name="android.permission.AdminPermissionControlParams int getGrantState()">
    <annotation name="androidx.annotation.IntDef">
      <val name="value" val="{android.app.admin.DevicePolicyManager.PERMISSION_GRANT_STATE_DEFAULT, android.app.admin.DevicePolicyManager.PERMISSION_GRANT_STATE_GRANTED, android.app.admin.DevicePolicyManager.PERMISSION_GRANT_STATE_DENIED}" />
    </annotation>
  </item>
  <item name="android.permission.PermissionControllerManager void applyStagedRuntimePermissionBackup(java.lang.String, android.os.UserHandle, java.util.concurrent.Executor, java.util.function.Consumer<java.lang.Boolean>)">
    <annotation name="androidx.annotation.RequiresPermission">
      <val name="anyOf" val="{&quot;android.permission.GRANT_RUNTIME_PERMISSIONS&quot;, &quot;android.permission.RESTORE_RUNTIME_PERMISSIONS&quot;}" />
    </annotation>
  </item>
  <item name="android.permission.PermissionControllerManager void getRuntimePermissionBackup(android.os.UserHandle, java.util.concurrent.Executor, java.util.function.Consumer<byte[]>)">
    <annotation name="androidx.annotation.RequiresPermission">
      <val name="value" val="&quot;android.permission.GET_RUNTIME_PERMISSIONS&quot;" />
    </annotation>
  </item>
  <item name="android.permission.PermissionControllerManager void revokeRuntimePermissions(java.util.Map<java.lang.String,java.util.List<java.lang.String>>, boolean, int, java.util.concurrent.Executor, android.permission.PermissionControllerManager.OnRevokeRuntimePermissionsCallback)">
    <annotation name="androidx.annotation.RequiresPermission">
      <val name="value" val="&quot;android.permission.REVOKE_RUNTIME_PERMISSIONS&quot;" />
    </annotation>
  </item>
  <item name="android.permission.PermissionControllerManager void revokeRuntimePermissions(java.util.Map<java.lang.String,java.util.List<java.lang.String>>, boolean, int, java.util.concurrent.Executor, android.permission.PermissionControllerManager.OnRevokeRuntimePermissionsCallback) 2">
    <annotation name="androidx.annotation.IntDef">
      <val name="value" val="{android.permission.PermissionControllerManager.REASON_MALWARE, android.permission.PermissionControllerManager.REASON_INSTALLER_POLICY_VIOLATION}" />
    </annotation>
  </item>
  <item name="android.permission.PermissionControllerManager void stageAndApplyRuntimePermissionsBackup(byte[], android.os.UserHandle)">
    <annotation name="androidx.annotation.RequiresPermission">
      <val name="anyOf" val="{&quot;android.permission.GRANT_RUNTIME_PERMISSIONS&quot;, &quot;android.permission.RESTORE_RUNTIME_PERMISSIONS&quot;}" />
    </annotation>
  </item>
  <item name="android.permission.PermissionControllerService java.lang.String getPrivilegesDescriptionStringForProfile(java.lang.String)">
    <annotation name="androidx.annotation.RequiresPermission">
      <val name="value" val="&quot;android.permission.MANAGE_COMPANION_DEVICES&quot;" />
    </annotation>
  </item>
  <item name="android.permission.PermissionControllerService void onApplyStagedRuntimePermissionBackup(java.lang.String, android.os.UserHandle, java.util.function.Consumer<java.lang.Boolean>)">
    <annotation name="androidx.annotation.BinderThread"/>
  </item>
  <item name="android.permission.PermissionControllerService void onCountPermissionApps(java.util.List<java.lang.String>, int, java.util.function.IntConsumer)">
    <annotation name="androidx.annotation.BinderThread"/>
  </item>
  <item name="android.permission.PermissionControllerService void onCountPermissionApps(java.util.List<java.lang.String>, int, java.util.function.IntConsumer) 1">
    <annotation name="androidx.annotation.IntDef">
      <val name="value" val="{android.permission.PermissionControllerManager.COUNT_ONLY_WHEN_GRANTED, android.permission.PermissionControllerManager.COUNT_WHEN_SYSTEM}" />
      <val name="flag" val="true" />
    </annotation>
  </item>
  <item name="android.permission.PermissionControllerService void onGetAppPermissions(java.lang.String, java.util.function.Consumer<java.util.List<android.permission.RuntimePermissionPresentationInfo>>)">
    <annotation name="androidx.annotation.BinderThread"/>
  </item>
  <item name="android.permission.PermissionControllerService void onGetGroupOfPlatformPermission(java.lang.String, java.util.function.Consumer<java.lang.String>)">
    <annotation name="androidx.annotation.BinderThread"/>
  </item>
  <item name="android.permission.PermissionControllerService void onGetPermissionUsages(boolean, long, java.util.function.Consumer<java.util.List<android.permission.RuntimePermissionUsageInfo>>)">
    <annotation name="androidx.annotation.BinderThread"/>
  </item>
  <item name="android.permission.PermissionControllerService void onGetPlatformPermissionsForGroup(java.lang.String, java.util.function.Consumer<java.util.List<java.lang.String>>)">
    <annotation name="androidx.annotation.BinderThread"/>
  </item>
  <item name="android.permission.PermissionControllerService void onGetRuntimePermissionsBackup(android.os.UserHandle, java.io.OutputStream, java.lang.Runnable)">
    <annotation name="androidx.annotation.BinderThread"/>
  </item>
  <item name="android.permission.PermissionControllerService void onGrantOrUpgradeDefaultRuntimePermissions(java.lang.Runnable)">
    <annotation name="androidx.annotation.BinderThread"/>
  </item>
  <item name="android.permission.PermissionControllerService void onOneTimePermissionSessionTimeout(java.lang.String)">
    <annotation name="androidx.annotation.BinderThread"/>
  </item>
  <item name="android.permission.PermissionControllerService void onRestoreDelayedRuntimePermissionsBackup(java.lang.String, android.os.UserHandle, java.util.function.Consumer<java.lang.Boolean>)">
    <annotation name="androidx.annotation.BinderThread"/>
  </item>
  <item name="android.permission.PermissionControllerService void onRestoreRuntimePermissionsBackup(android.os.UserHandle, java.io.InputStream, java.lang.Runnable)">
    <annotation name="androidx.annotation.BinderThread"/>
  </item>
  <item name="android.permission.PermissionControllerService void onRevokeRuntimePermission(java.lang.String, java.lang.String, java.lang.Runnable)">
    <annotation name="androidx.annotation.BinderThread"/>
  </item>
  <item name="android.permission.PermissionControllerService void onRevokeRuntimePermissions(java.util.Map<java.lang.String,java.util.List<java.lang.String>>, boolean, int, java.lang.String, java.util.function.Consumer<java.util.Map<java.lang.String,java.util.List<java.lang.String>>>)">
    <annotation name="androidx.annotation.BinderThread"/>
  </item>
  <item name="android.permission.PermissionControllerService void onRevokeRuntimePermissions(java.util.Map<java.lang.String,java.util.List<java.lang.String>>, boolean, int, java.lang.String, java.util.function.Consumer<java.util.Map<java.lang.String,java.util.List<java.lang.String>>>) 2">
    <annotation name="androidx.annotation.IntDef">
      <val name="value" val="{android.permission.PermissionControllerManager.REASON_MALWARE, android.permission.PermissionControllerManager.REASON_INSTALLER_POLICY_VIOLATION}" />
    </annotation>
  </item>
  <item name="android.permission.PermissionControllerService void onSetRuntimePermissionGrantStateByDeviceAdmin(java.lang.String, android.permission.AdminPermissionControlParams, java.util.function.Consumer<java.lang.Boolean>)">
    <annotation name="androidx.annotation.BinderThread"/>
  </item>
  <item name="android.permission.PermissionControllerService void onSetRuntimePermissionGrantStateByDeviceAdmin(java.lang.String, java.lang.String, java.lang.String, int, java.util.function.Consumer<java.lang.Boolean>)">
    <annotation name="androidx.annotation.BinderThread"/>
  </item>
  <item name="android.permission.PermissionControllerService void onSetRuntimePermissionGrantStateByDeviceAdmin(java.lang.String, java.lang.String, java.lang.String, int, java.util.function.Consumer<java.lang.Boolean>) 3">
    <annotation name="androidx.annotation.IntDef">
      <val name="value" val="{android.app.admin.DevicePolicyManager.PERMISSION_GRANT_STATE_DEFAULT, android.app.admin.DevicePolicyManager.PERMISSION_GRANT_STATE_GRANTED, android.app.admin.DevicePolicyManager.PERMISSION_GRANT_STATE_DENIED}" />
    </annotation>
  </item>
  <item name="android.permission.PermissionControllerService void onStageAndApplyRuntimePermissionsBackup(android.os.UserHandle, java.io.InputStream, java.lang.Runnable)">
    <annotation name="androidx.annotation.BinderThread"/>
  </item>
  <item name="android.permission.PermissionControllerService void onUpdateUserSensitivePermissionFlags(int, java.lang.Runnable)">
    <annotation name="androidx.annotation.BinderThread"/>
  </item>
  <item name="android.permission.PermissionControllerService void onUpdateUserSensitivePermissionFlags(int, java.util.concurrent.Executor, java.lang.Runnable)">
    <annotation name="androidx.annotation.BinderThread"/>
  </item>
  <item name="android.permission.PermissionManager int getRuntimePermissionsVersion()">
    <annotation name="androidx.annotation.RequiresPermission">
      <val name="anyOf" val="{&quot;android.permission.ADJUST_RUNTIME_PERMISSIONS_POLICY&quot;, &quot;android.permission.UPGRADE_RUNTIME_PERMISSIONS&quot;}" />
    </annotation>
    <annotation name="androidx.annotation.IntRange">
      <val name="from" val="0" />
    </annotation>
  </item>
  <item name="android.permission.PermissionManager java.util.Set&lt;java.lang.String&gt; getAutoRevokeExemptionGrantedPackages()">
    <annotation name="androidx.annotation.RequiresPermission">
      <val name="value" val="&quot;android.permission.ADJUST_RUNTIME_PERMISSIONS_POLICY&quot;" />
    </annotation>
  </item>
  <item name="android.permission.PermissionManager java.util.Set&lt;java.lang.String&gt; getAutoRevokeExemptionRequestedPackages()">
    <annotation name="androidx.annotation.RequiresPermission">
      <val name="value" val="&quot;android.permission.ADJUST_RUNTIME_PERMISSIONS_POLICY&quot;" />
    </annotation>
  </item>
  <item name="android.permission.PermissionManager void setRuntimePermissionsVersion(int)">
    <annotation name="androidx.annotation.RequiresPermission">
      <val name="anyOf" val="{&quot;android.permission.ADJUST_RUNTIME_PERMISSIONS_POLICY&quot;, &quot;android.permission.UPGRADE_RUNTIME_PERMISSIONS&quot;}" />
    </annotation>
  </item>
  <item name="android.permission.PermissionManager void setRuntimePermissionsVersion(int) 0">
    <annotation name="androidx.annotation.IntRange">
      <val name="from" val="0" />
    </annotation>
  </item>
  <item name="android.permission.PermissionManager void startOneTimePermissionSession(java.lang.String, long, int, int)">
    <annotation name="androidx.annotation.RequiresPermission">
      <val name="value" val="&quot;android.permission.MANAGE_ONE_TIME_PERMISSION_SESSIONS&quot;" />
    </annotation>
  </item>
  <item name="android.permission.PermissionManager void startOneTimePermissionSession(java.lang.String, long, int, int) 2">
    <annotation name="androidx.annotation.IntDef">
      <val name="value" val="{android.app.ActivityManager.RunningAppProcessInfo.IMPORTANCE_FOREGROUND, android.app.ActivityManager.RunningAppProcessInfo.IMPORTANCE_FOREGROUND_SERVICE, android.app.ActivityManager.RunningAppProcessInfo.IMPORTANCE_TOP_SLEEPING, android.app.ActivityManager.RunningAppProcessInfo.IMPORTANCE_VISIBLE, android.app.ActivityManager.RunningAppProcessInfo.IMPORTANCE_PERCEPTIBLE, android.app.ActivityManager.RunningAppProcessInfo.IMPORTANCE_CANT_SAVE_STATE, android.app.ActivityManager.RunningAppProcessInfo.IMPORTANCE_SERVICE, android.app.ActivityManager.RunningAppProcessInfo.IMPORTANCE_CACHED, android.app.ActivityManager.RunningAppProcessInfo.IMPORTANCE_GONE}" />
    </annotation>
  </item>
  <item name="android.permission.PermissionManager void startOneTimePermissionSession(java.lang.String, long, int, int) 3">
    <annotation name="androidx.annotation.IntDef">
      <val name="value" val="{android.app.ActivityManager.RunningAppProcessInfo.IMPORTANCE_FOREGROUND, android.app.ActivityManager.RunningAppProcessInfo.IMPORTANCE_FOREGROUND_SERVICE, android.app.ActivityManager.RunningAppProcessInfo.IMPORTANCE_TOP_SLEEPING, android.app.ActivityManager.RunningAppProcessInfo.IMPORTANCE_VISIBLE, android.app.ActivityManager.RunningAppProcessInfo.IMPORTANCE_PERCEPTIBLE, android.app.ActivityManager.RunningAppProcessInfo.IMPORTANCE_CANT_SAVE_STATE, android.app.ActivityManager.RunningAppProcessInfo.IMPORTANCE_SERVICE, android.app.ActivityManager.RunningAppProcessInfo.IMPORTANCE_CACHED, android.app.ActivityManager.RunningAppProcessInfo.IMPORTANCE_GONE}" />
    </annotation>
  </item>
  <item name="android.permission.PermissionManager void stopOneTimePermissionSession(java.lang.String)">
    <annotation name="androidx.annotation.RequiresPermission">
      <val name="value" val="&quot;android.permission.MANAGE_ONE_TIME_PERMISSION_SESSIONS&quot;" />
    </annotation>
  </item>
</root>

