<?xml version="1.0" encoding="UTF-8"?>
<root>
  <item name="android.media.soundtrigger.SoundTriggerDetectionService boolean onUnbind(android.content.Intent)">
    <annotation name="androidx.annotation.CallSuper"/>
  </item>
  <item name="android.media.soundtrigger.SoundTriggerDetectionService void onConnected(java.util.UUID, android.os.Bundle)">
    <annotation name="androidx.annotation.MainThread"/>
  </item>
  <item name="android.media.soundtrigger.SoundTriggerDetectionService void onDisconnected(java.util.UUID, android.os.Bundle)">
    <annotation name="androidx.annotation.MainThread"/>
  </item>
  <item name="android.media.soundtrigger.SoundTriggerDetectionService void onError(java.util.UUID, android.os.Bundle, int, int)">
    <annotation name="androidx.annotation.MainThread"/>
  </item>
  <item name="android.media.soundtrigger.SoundTriggerDetectionService void onGenericRecognitionEvent(java.util.UUID, android.os.Bundle, int, android.hardware.soundtrigger.SoundTrigger.RecognitionEvent)">
    <annotation name="androidx.annotation.MainThread"/>
  </item>
  <item name="android.media.soundtrigger.SoundTriggerDetectionService void onStopOperation(java.util.UUID, android.os.Bundle, int)">
    <annotation name="androidx.annotation.MainThread"/>
  </item>
  <item name="android.media.soundtrigger.SoundTriggerDetector boolean startRecognition(int)">
    <annotation name="androidx.annotation.RequiresPermission">
      <val name="value" val="&quot;android.permission.MANAGE_SOUND_TRIGGER&quot;" />
    </annotation>
  </item>
  <item name="android.media.soundtrigger.SoundTriggerDetector boolean startRecognition(int) 0">
    <annotation name="androidx.annotation.IntDef">
      <val name="flag" val="true" />
      <val name="value" val="{android.media.soundtrigger.SoundTriggerDetector.RECOGNITION_FLAG_CAPTURE_TRIGGER_AUDIO, android.media.soundtrigger.SoundTriggerDetector.RECOGNITION_FLAG_ALLOW_MULTIPLE_TRIGGERS, android.media.soundtrigger.SoundTriggerDetector.RECOGNITION_FLAG_ENABLE_AUDIO_ECHO_CANCELLATION, android.media.soundtrigger.SoundTriggerDetector.RECOGNITION_FLAG_ENABLE_AUDIO_NOISE_SUPPRESSION, android.media.soundtrigger.SoundTriggerDetector.RECOGNITION_FLAG_RUN_IN_BATTERY_SAVER}" />
    </annotation>
  </item>
  <item name="android.media.soundtrigger.SoundTriggerDetector boolean stopRecognition()">
    <annotation name="androidx.annotation.RequiresPermission">
      <val name="value" val="&quot;android.permission.MANAGE_SOUND_TRIGGER&quot;" />
    </annotation>
  </item>
  <item name="android.media.soundtrigger.SoundTriggerManager android.hardware.soundtrigger.SoundTrigger.ModelParamRange queryParameter(java.util.UUID, int)">
    <annotation name="androidx.annotation.RequiresPermission">
      <val name="value" val="&quot;android.permission.MANAGE_SOUND_TRIGGER&quot;" />
    </annotation>
  </item>
  <item name="android.media.soundtrigger.SoundTriggerManager android.hardware.soundtrigger.SoundTrigger.ModuleProperties getModuleProperties()">
    <annotation name="androidx.annotation.RequiresPermission">
      <val name="value" val="&quot;android.permission.MANAGE_SOUND_TRIGGER&quot;" />
    </annotation>
  </item>
  <item name="android.media.soundtrigger.SoundTriggerManager android.media.soundtrigger.SoundTriggerDetector createSoundTriggerDetector(java.util.UUID, android.media.soundtrigger.SoundTriggerDetector.Callback, android.os.Handler)">
    <annotation name="androidx.annotation.RequiresPermission">
      <val name="value" val="&quot;android.permission.MANAGE_SOUND_TRIGGER&quot;" />
    </annotation>
  </item>
  <item name="android.media.soundtrigger.SoundTriggerManager android.media.soundtrigger.SoundTriggerManager.Model getModel(java.util.UUID)">
    <annotation name="androidx.annotation.RequiresPermission">
      <val name="value" val="&quot;android.permission.MANAGE_SOUND_TRIGGER&quot;" />
    </annotation>
  </item>
  <item name="android.media.soundtrigger.SoundTriggerManager int getParameter(java.util.UUID, int)">
    <annotation name="androidx.annotation.RequiresPermission">
      <val name="value" val="&quot;android.permission.MANAGE_SOUND_TRIGGER&quot;" />
    </annotation>
  </item>
  <item name="android.media.soundtrigger.SoundTriggerManager int setParameter(java.util.UUID, int, int)">
    <annotation name="androidx.annotation.RequiresPermission">
      <val name="value" val="&quot;android.permission.MANAGE_SOUND_TRIGGER&quot;" />
    </annotation>
  </item>
  <item name="android.media.soundtrigger.SoundTriggerManager void deleteModel(java.util.UUID)">
    <annotation name="androidx.annotation.RequiresPermission">
      <val name="value" val="&quot;android.permission.MANAGE_SOUND_TRIGGER&quot;" />
    </annotation>
  </item>
  <item name="android.media.soundtrigger.SoundTriggerManager void updateModel(android.media.soundtrigger.SoundTriggerManager.Model)">
    <annotation name="androidx.annotation.RequiresPermission">
      <val name="value" val="&quot;android.permission.MANAGE_SOUND_TRIGGER&quot;" />
    </annotation>
  </item>
</root>

