<?xml version="1.0" encoding="UTF-8"?>
<root>
  <item name="android.hardware.lights.Light int getType()">
    <annotation name="androidx.annotation.IntDef">
      <val name="value" val="{android.hardware.lights.Light.LIGHT_TYPE_MICROPHONE, android.hardware.lights.Light.LIGHT_TYPE_INPUT, android.hardware.lights.Light.LIGHT_TYPE_PLAYER_ID}" />
    </annotation>
  </item>
  <item name="android.hardware.lights.LightState LightState(int) 0">
    <annotation name="androidx.annotation.ColorInt"/>
  </item>
  <item name="android.hardware.lights.LightState int getColor()">
    <annotation name="androidx.annotation.ColorInt"/>
  </item>
  <item name="android.hardware.lights.LightState.Builder android.hardware.lights.LightState.Builder setColor(int) 0">
    <annotation name="androidx.annotation.ColorInt"/>
  </item>
</root>

