<?xml version="1.0" encoding="UTF-8"?>
<root>
  <item name="androidx.window.sidecar.SidecarDeviceState posture">
    <annotation name="androidx.annotation.IntDef">
      <val name="value" val="{androidx.window.sidecar.SidecarDeviceState.POSTURE_UNKNOWN, androidx.window.sidecar.SidecarDeviceState.POSTURE_CLOSED, androidx.window.sidecar.SidecarDeviceState.POSTURE_HALF_OPENED, androidx.window.sidecar.SidecarDeviceState.POSTURE_OPENED, androidx.window.sidecar.SidecarDeviceState.POSTURE_FLIPPED}" />
    </annotation>
  </item>
  <item name="androidx.window.sidecar.SidecarDisplayFeature int getType()">
    <annotation name="androidx.annotation.IntDef">
      <val name="value" val="{androidx.window.sidecar.SidecarDisplayFeature.TYPE_FOLD, androidx.window.sidecar.SidecarDisplayFeature.TYPE_HINGE}" />
    </annotation>
  </item>
  <item name="androidx.window.sidecar.SidecarDisplayFeature mType">
    <annotation name="androidx.annotation.IntDef">
      <val name="value" val="{androidx.window.sidecar.SidecarDisplayFeature.TYPE_FOLD, androidx.window.sidecar.SidecarDisplayFeature.TYPE_HINGE}" />
    </annotation>
  </item>
  <item name="androidx.window.sidecar.SidecarDisplayFeature void setType(int) 0">
    <annotation name="androidx.annotation.IntDef">
      <val name="value" val="{androidx.window.sidecar.SidecarDisplayFeature.TYPE_FOLD, androidx.window.sidecar.SidecarDisplayFeature.TYPE_HINGE}" />
    </annotation>
  </item>
</root>

