<?xml version="1.0" encoding="UTF-8"?>
<root>
  <item name="android.app.time.TimeManager android.app.time.TimeZoneCapabilitiesAndConfig getTimeZoneCapabilitiesAndConfig()">
    <annotation name="androidx.annotation.RequiresPermission">
      <val name="value" val="&quot;android.permission.MANAGE_TIME_AND_ZONE_DETECTION&quot;" />
    </annotation>
  </item>
  <item name="android.app.time.TimeManager boolean updateTimeZoneConfiguration(android.app.time.TimeZoneConfiguration)">
    <annotation name="androidx.annotation.RequiresPermission">
      <val name="value" val="&quot;android.permission.MANAGE_TIME_AND_ZONE_DETECTION&quot;" />
    </annotation>
  </item>
  <item name="android.app.time.TimeManager void addTimeZoneDetectorListener(java.util.concurrent.Executor, android.app.time.TimeManager.TimeZoneDetectorListener)">
    <annotation name="androidx.annotation.RequiresPermission">
      <val name="value" val="&quot;android.permission.MANAGE_TIME_AND_ZONE_DETECTION&quot;" />
    </annotation>
  </item>
  <item name="android.app.time.TimeManager void removeTimeZoneDetectorListener(android.app.time.TimeManager.TimeZoneDetectorListener)">
    <annotation name="androidx.annotation.RequiresPermission">
      <val name="value" val="&quot;android.permission.MANAGE_TIME_AND_ZONE_DETECTION&quot;" />
    </annotation>
  </item>
  <item name="android.app.time.TimeManager void suggestExternalTime(android.app.time.ExternalTimeSuggestion)">
    <annotation name="androidx.annotation.RequiresPermission">
      <val name="value" val="&quot;android.permission.SUGGEST_EXTERNAL_TIME&quot;" />
    </annotation>
  </item>
  <item name="android.app.time.TimeZoneCapabilities int getConfigureAutoDetectionEnabledCapability()">
    <annotation name="androidx.annotation.IntDef">
      <val name="value" val="{android.app.time.Capabilities.CAPABILITY_NOT_SUPPORTED, android.app.time.Capabilities.CAPABILITY_NOT_ALLOWED, android.app.time.Capabilities.CAPABILITY_NOT_APPLICABLE, android.app.time.Capabilities.CAPABILITY_POSSESSED}" />
    </annotation>
  </item>
  <item name="android.app.time.TimeZoneCapabilities int getConfigureGeoDetectionEnabledCapability()">
    <annotation name="androidx.annotation.IntDef">
      <val name="value" val="{android.app.time.Capabilities.CAPABILITY_NOT_SUPPORTED, android.app.time.Capabilities.CAPABILITY_NOT_ALLOWED, android.app.time.Capabilities.CAPABILITY_NOT_APPLICABLE, android.app.time.Capabilities.CAPABILITY_POSSESSED}" />
    </annotation>
  </item>
</root>

