<?xml version="1.0" encoding="UTF-8"?>
<root>
  <item name="androidx.media.AudioAttributesCompat int getUsage()">
    <annotation name="android.support.annotation.IntDef">
      <val name="value" val="{androidx.media.AudioAttributesCompat.USAGE_UNKNOWN, androidx.media.AudioAttributesCompat.USAGE_MEDIA, androidx.media.AudioAttributesCompat.USAGE_VOICE_COMMUNICATION, androidx.media.AudioAttributesCompat.USAGE_VOICE_COMMUNICATION_SIGNALLING, androidx.media.AudioAttributesCompat.USAGE_ALARM, androidx.media.AudioAttributesCompat.USAGE_NOTIFICATION, androidx.media.AudioAttributesCompat.USAGE_NOTIFICATION_RINGTONE, androidx.media.AudioAttributesCompat.USAGE_NOTIFICATION_COMMUNICATION_REQUEST, androidx.media.AudioAttributesCompat.USAGE_NOTIFICATION_COMMUNICATION_INSTANT, androidx.media.AudioAttributesCompat.USAGE_NOTIFICATION_COMMUNICATION_DELAYED, androidx.media.AudioAttributesCompat.USAGE_NOTIFICATION_EVENT, androidx.media.AudioAttributesCompat.USAGE_ASSISTANCE_ACCESSIBILITY, androidx.media.AudioAttributesCompat.USAGE_ASSISTANCE_NAVIGATION_GUIDANCE, androidx.media.AudioAttributesCompat.USAGE_ASSISTANCE_SONIFICATION, androidx.media.AudioAttributesCompat.USAGE_GAME, androidx.media.AudioAttributesCompat.USAGE_ASSISTANT}" />
    </annotation>
  </item>
  <item name="androidx.media.AudioAttributesCompat int toVolumeStreamType(boolean, int, int) 2">
    <annotation name="android.support.annotation.IntDef">
      <val name="value" val="{androidx.media.AudioAttributesCompat.USAGE_UNKNOWN, androidx.media.AudioAttributesCompat.USAGE_MEDIA, androidx.media.AudioAttributesCompat.USAGE_VOICE_COMMUNICATION, androidx.media.AudioAttributesCompat.USAGE_VOICE_COMMUNICATION_SIGNALLING, androidx.media.AudioAttributesCompat.USAGE_ALARM, androidx.media.AudioAttributesCompat.USAGE_NOTIFICATION, androidx.media.AudioAttributesCompat.USAGE_NOTIFICATION_RINGTONE, androidx.media.AudioAttributesCompat.USAGE_NOTIFICATION_COMMUNICATION_REQUEST, androidx.media.AudioAttributesCompat.USAGE_NOTIFICATION_COMMUNICATION_INSTANT, androidx.media.AudioAttributesCompat.USAGE_NOTIFICATION_COMMUNICATION_DELAYED, androidx.media.AudioAttributesCompat.USAGE_NOTIFICATION_EVENT, androidx.media.AudioAttributesCompat.USAGE_ASSISTANCE_ACCESSIBILITY, androidx.media.AudioAttributesCompat.USAGE_ASSISTANCE_NAVIGATION_GUIDANCE, androidx.media.AudioAttributesCompat.USAGE_ASSISTANCE_SONIFICATION, androidx.media.AudioAttributesCompat.USAGE_GAME, androidx.media.AudioAttributesCompat.USAGE_ASSISTANT}" />
    </annotation>
  </item>
  <item name="android.support.v4.media.AudioAttributesCompat.AttributeContentType">
    <annotation name="android.support.annotation.IntDef">
      <val name="value" val="{androidx.media.AudioAttributesCompat.CONTENT_TYPE_UNKNOWN, androidx.media.AudioAttributesCompat.CONTENT_TYPE_SPEECH, androidx.media.AudioAttributesCompat.CONTENT_TYPE_MUSIC, androidx.media.AudioAttributesCompat.CONTENT_TYPE_MOVIE, androidx.media.AudioAttributesCompat.CONTENT_TYPE_SONIFICATION}" />
    </annotation>
  </item>
  <item name="android.support.v4.media.AudioAttributesCompat.AttributeUsage">
    <annotation name="android.support.annotation.IntDef">
      <val name="value" val="{androidx.media.AudioAttributesCompat.USAGE_UNKNOWN, androidx.media.AudioAttributesCompat.USAGE_MEDIA, androidx.media.AudioAttributesCompat.USAGE_VOICE_COMMUNICATION, androidx.media.AudioAttributesCompat.USAGE_VOICE_COMMUNICATION_SIGNALLING, androidx.media.AudioAttributesCompat.USAGE_ALARM, androidx.media.AudioAttributesCompat.USAGE_NOTIFICATION, androidx.media.AudioAttributesCompat.USAGE_NOTIFICATION_RINGTONE, androidx.media.AudioAttributesCompat.USAGE_NOTIFICATION_COMMUNICATION_REQUEST, androidx.media.AudioAttributesCompat.USAGE_NOTIFICATION_COMMUNICATION_INSTANT, androidx.media.AudioAttributesCompat.USAGE_NOTIFICATION_COMMUNICATION_DELAYED, androidx.media.AudioAttributesCompat.USAGE_NOTIFICATION_EVENT, androidx.media.AudioAttributesCompat.USAGE_ASSISTANCE_ACCESSIBILITY, androidx.media.AudioAttributesCompat.USAGE_ASSISTANCE_NAVIGATION_GUIDANCE, androidx.media.AudioAttributesCompat.USAGE_ASSISTANCE_SONIFICATION, androidx.media.AudioAttributesCompat.USAGE_GAME, androidx.media.AudioAttributesCompat.USAGE_ASSISTANT}" />
    </annotation>
  </item>
  <item name="androidx.media.AudioAttributesCompat.Builder androidx.media.AudioAttributesCompat.Builder setContentType(int) 0">
    <annotation name="android.support.annotation.IntDef">
      <val name="value" val="{androidx.media.AudioAttributesCompat.CONTENT_TYPE_UNKNOWN, androidx.media.AudioAttributesCompat.CONTENT_TYPE_SPEECH, androidx.media.AudioAttributesCompat.CONTENT_TYPE_MUSIC, androidx.media.AudioAttributesCompat.CONTENT_TYPE_MOVIE, androidx.media.AudioAttributesCompat.CONTENT_TYPE_SONIFICATION}" />
    </annotation>
  </item>
  <item name="androidx.media.AudioAttributesCompat.Builder androidx.media.AudioAttributesCompat.Builder setUsage(int) 0">
    <annotation name="android.support.annotation.IntDef">
      <val name="value" val="{androidx.media.AudioAttributesCompat.USAGE_UNKNOWN, androidx.media.AudioAttributesCompat.USAGE_MEDIA, androidx.media.AudioAttributesCompat.USAGE_VOICE_COMMUNICATION, androidx.media.AudioAttributesCompat.USAGE_VOICE_COMMUNICATION_SIGNALLING, androidx.media.AudioAttributesCompat.USAGE_ALARM, androidx.media.AudioAttributesCompat.USAGE_NOTIFICATION, androidx.media.AudioAttributesCompat.USAGE_NOTIFICATION_RINGTONE, androidx.media.AudioAttributesCompat.USAGE_NOTIFICATION_COMMUNICATION_REQUEST, androidx.media.AudioAttributesCompat.USAGE_NOTIFICATION_COMMUNICATION_INSTANT, androidx.media.AudioAttributesCompat.USAGE_NOTIFICATION_COMMUNICATION_DELAYED, androidx.media.AudioAttributesCompat.USAGE_NOTIFICATION_EVENT, androidx.media.AudioAttributesCompat.USAGE_ASSISTANCE_ACCESSIBILITY, androidx.media.AudioAttributesCompat.USAGE_ASSISTANCE_NAVIGATION_GUIDANCE, androidx.media.AudioAttributesCompat.USAGE_ASSISTANCE_SONIFICATION, androidx.media.AudioAttributesCompat.USAGE_GAME, androidx.media.AudioAttributesCompat.USAGE_ASSISTANT}" />
    </annotation>
  </item>
  <item name="androidx.media.BaseMediaPlayer int getBufferingState()">
    <annotation name="android.support.annotation.IntDef">
      <val name="value" val="{androidx.media.BaseMediaPlayer.BUFFERING_STATE_UNKNOWN, androidx.media.BaseMediaPlayer.BUFFERING_STATE_BUFFERING_AND_PLAYABLE, androidx.media.BaseMediaPlayer.BUFFERING_STATE_BUFFERING_AND_STARVED, androidx.media.BaseMediaPlayer.BUFFERING_STATE_BUFFERING_COMPLETE}" />
    </annotation>
  </item>
  <item name="androidx.media.BaseMediaPlayer int getPlayerState()">
    <annotation name="android.support.annotation.IntDef">
      <val name="value" val="{androidx.media.BaseMediaPlayer.PLAYER_STATE_IDLE, androidx.media.BaseMediaPlayer.PLAYER_STATE_PAUSED, androidx.media.BaseMediaPlayer.PLAYER_STATE_PLAYING, androidx.media.BaseMediaPlayer.PLAYER_STATE_ERROR}" />
    </annotation>
  </item>
  <item name="android.support.v4.media.BaseMediaPlayer.BuffState">
    <annotation name="android.support.annotation.IntDef">
      <val name="value" val="{androidx.media.BaseMediaPlayer.BUFFERING_STATE_UNKNOWN, androidx.media.BaseMediaPlayer.BUFFERING_STATE_BUFFERING_AND_PLAYABLE, androidx.media.BaseMediaPlayer.BUFFERING_STATE_BUFFERING_AND_STARVED, androidx.media.BaseMediaPlayer.BUFFERING_STATE_BUFFERING_COMPLETE}" />
    </annotation>
  </item>
  <item name="androidx.media.BaseMediaPlayer.PlayerEventCallback void onBufferingStateChanged(androidx.media.BaseMediaPlayer, androidx.media.DataSourceDesc, int) 2">
    <annotation name="android.support.annotation.IntDef">
      <val name="value" val="{androidx.media.BaseMediaPlayer.BUFFERING_STATE_UNKNOWN, androidx.media.BaseMediaPlayer.BUFFERING_STATE_BUFFERING_AND_PLAYABLE, androidx.media.BaseMediaPlayer.BUFFERING_STATE_BUFFERING_AND_STARVED, androidx.media.BaseMediaPlayer.BUFFERING_STATE_BUFFERING_COMPLETE}" />
    </annotation>
  </item>
  <item name="androidx.media.BaseMediaPlayer.PlayerEventCallback void onPlayerStateChanged(androidx.media.BaseMediaPlayer, int) 1">
    <annotation name="android.support.annotation.IntDef">
      <val name="value" val="{androidx.media.BaseMediaPlayer.PLAYER_STATE_IDLE, androidx.media.BaseMediaPlayer.PLAYER_STATE_PAUSED, androidx.media.BaseMediaPlayer.PLAYER_STATE_PLAYING, androidx.media.BaseMediaPlayer.PLAYER_STATE_ERROR}" />
    </annotation>
  </item>
  <item name="android.support.v4.media.BaseMediaPlayer.PlayerState">
    <annotation name="android.support.annotation.IntDef">
      <val name="value" val="{androidx.media.BaseMediaPlayer.PLAYER_STATE_IDLE, androidx.media.BaseMediaPlayer.PLAYER_STATE_PAUSED, androidx.media.BaseMediaPlayer.PLAYER_STATE_PLAYING, androidx.media.BaseMediaPlayer.PLAYER_STATE_ERROR}" />
    </annotation>
  </item>
  <item name="androidx.media.MediaBrowserServiceCompat.Result void setFlags(int) 0">
    <annotation name="android.support.annotation.IntDef">
      <val name="flag" val="true" />
      <val name="value" val="{androidx.media.MediaBrowserServiceCompat.RESULT_FLAG_OPTION_NOT_HANDLED, androidx.media.MediaBrowserServiceCompat.RESULT_FLAG_ON_LOAD_ITEM_NOT_IMPLEMENTED, androidx.media.MediaBrowserServiceCompat.RESULT_FLAG_ON_SEARCH_NOT_IMPLEMENTED}" />
    </annotation>
  </item>
  <item name="androidx.media.MediaController2 int getBufferingState()">
    <annotation name="android.support.annotation.IntDef">
      <val name="value" val="{androidx.media.BaseMediaPlayer.BUFFERING_STATE_UNKNOWN, androidx.media.BaseMediaPlayer.BUFFERING_STATE_BUFFERING_AND_PLAYABLE, androidx.media.BaseMediaPlayer.BUFFERING_STATE_BUFFERING_AND_STARVED, androidx.media.BaseMediaPlayer.BUFFERING_STATE_BUFFERING_COMPLETE}" />
    </annotation>
  </item>
  <item name="androidx.media.MediaController2 int getRepeatMode()">
    <annotation name="android.support.annotation.IntDef">
      <val name="value" val="{androidx.media.MediaPlaylistAgent.REPEAT_MODE_NONE, androidx.media.MediaPlaylistAgent.REPEAT_MODE_ONE, androidx.media.MediaPlaylistAgent.REPEAT_MODE_ALL, androidx.media.MediaPlaylistAgent.REPEAT_MODE_GROUP}" />
    </annotation>
  </item>
  <item name="androidx.media.MediaController2 int getShuffleMode()">
    <annotation name="android.support.annotation.IntDef">
      <val name="value" val="{androidx.media.MediaPlaylistAgent.SHUFFLE_MODE_NONE, androidx.media.MediaPlaylistAgent.SHUFFLE_MODE_ALL, androidx.media.MediaPlaylistAgent.SHUFFLE_MODE_GROUP}" />
    </annotation>
  </item>
  <item name="androidx.media.MediaController2 void adjustVolume(int, int) 0">
    <annotation name="android.support.annotation.IntDef">
      <val name="value" val="{android.media.AudioManager.ADJUST_LOWER, android.media.AudioManager.ADJUST_RAISE, android.media.AudioManager.ADJUST_SAME, android.media.AudioManager.ADJUST_MUTE, android.media.AudioManager.ADJUST_UNMUTE, android.media.AudioManager.ADJUST_TOGGLE_MUTE}" />
    </annotation>
  </item>
  <item name="androidx.media.MediaController2 void adjustVolume(int, int) 1">
    <annotation name="android.support.annotation.IntDef">
      <val name="value" val="{android.media.AudioManager.FLAG_SHOW_UI, android.media.AudioManager.FLAG_ALLOW_RINGER_MODES, android.media.AudioManager.FLAG_PLAY_SOUND, android.media.AudioManager.FLAG_REMOVE_SOUND_AND_VIBRATE, android.media.AudioManager.FLAG_VIBRATE}" />
      <val name="flag" val="true" />
    </annotation>
  </item>
  <item name="androidx.media.MediaController2 void setRepeatMode(int) 0">
    <annotation name="android.support.annotation.IntDef">
      <val name="value" val="{androidx.media.MediaPlaylistAgent.REPEAT_MODE_NONE, androidx.media.MediaPlaylistAgent.REPEAT_MODE_ONE, androidx.media.MediaPlaylistAgent.REPEAT_MODE_ALL, androidx.media.MediaPlaylistAgent.REPEAT_MODE_GROUP}" />
    </annotation>
  </item>
  <item name="androidx.media.MediaController2 void setShuffleMode(int) 0">
    <annotation name="android.support.annotation.IntDef">
      <val name="value" val="{androidx.media.MediaPlaylistAgent.SHUFFLE_MODE_NONE, androidx.media.MediaPlaylistAgent.SHUFFLE_MODE_ALL, androidx.media.MediaPlaylistAgent.SHUFFLE_MODE_GROUP}" />
    </annotation>
  </item>
  <item name="androidx.media.MediaController2 void setVolumeTo(int, int) 1">
    <annotation name="android.support.annotation.IntDef">
      <val name="value" val="{android.media.AudioManager.FLAG_SHOW_UI, android.media.AudioManager.FLAG_ALLOW_RINGER_MODES, android.media.AudioManager.FLAG_PLAY_SOUND, android.media.AudioManager.FLAG_REMOVE_SOUND_AND_VIBRATE, android.media.AudioManager.FLAG_VIBRATE}" />
      <val name="flag" val="true" />
    </annotation>
  </item>
  <item name="androidx.media.MediaController2.ControllerCallback void onBufferingStateChanged(androidx.media.MediaController2, androidx.media.MediaItem2, int) 2">
    <annotation name="android.support.annotation.IntDef">
      <val name="value" val="{androidx.media.BaseMediaPlayer.BUFFERING_STATE_UNKNOWN, androidx.media.BaseMediaPlayer.BUFFERING_STATE_BUFFERING_AND_PLAYABLE, androidx.media.BaseMediaPlayer.BUFFERING_STATE_BUFFERING_AND_STARVED, androidx.media.BaseMediaPlayer.BUFFERING_STATE_BUFFERING_COMPLETE}" />
    </annotation>
  </item>
  <item name="androidx.media.MediaController2.ControllerCallback void onError(androidx.media.MediaController2, int, android.os.Bundle) 1">
    <annotation name="android.support.annotation.IntDef">
      <val name="value" val="{androidx.media.MediaSession2.ERROR_CODE_UNKNOWN_ERROR, androidx.media.MediaSession2.ERROR_CODE_APP_ERROR, androidx.media.MediaSession2.ERROR_CODE_NOT_SUPPORTED, androidx.media.MediaSession2.ERROR_CODE_AUTHENTICATION_EXPIRED, androidx.media.MediaSession2.ERROR_CODE_PREMIUM_ACCOUNT_REQUIRED, androidx.media.MediaSession2.ERROR_CODE_CONCURRENT_STREAM_LIMIT, androidx.media.MediaSession2.ERROR_CODE_PARENTAL_CONTROL_RESTRICTED, androidx.media.MediaSession2.ERROR_CODE_NOT_AVAILABLE_IN_REGION, androidx.media.MediaSession2.ERROR_CODE_CONTENT_ALREADY_PLAYING, androidx.media.MediaSession2.ERROR_CODE_SKIP_LIMIT_REACHED, androidx.media.MediaSession2.ERROR_CODE_ACTION_ABORTED, androidx.media.MediaSession2.ERROR_CODE_END_OF_QUEUE, androidx.media.MediaSession2.ERROR_CODE_SETUP_REQUIRED}" />
    </annotation>
  </item>
  <item name="androidx.media.MediaController2.ControllerCallback void onRepeatModeChanged(androidx.media.MediaController2, int) 1">
    <annotation name="android.support.annotation.IntDef">
      <val name="value" val="{androidx.media.MediaPlaylistAgent.REPEAT_MODE_NONE, androidx.media.MediaPlaylistAgent.REPEAT_MODE_ONE, androidx.media.MediaPlaylistAgent.REPEAT_MODE_ALL, androidx.media.MediaPlaylistAgent.REPEAT_MODE_GROUP}" />
    </annotation>
  </item>
  <item name="androidx.media.MediaController2.ControllerCallback void onShuffleModeChanged(androidx.media.MediaController2, int) 1">
    <annotation name="android.support.annotation.IntDef">
      <val name="value" val="{androidx.media.MediaPlaylistAgent.SHUFFLE_MODE_NONE, androidx.media.MediaPlaylistAgent.SHUFFLE_MODE_ALL, androidx.media.MediaPlaylistAgent.SHUFFLE_MODE_GROUP}" />
    </annotation>
  </item>
  <item name="androidx.media.MediaController2.SupportLibraryImpl int getBufferingState()">
    <annotation name="android.support.annotation.IntDef">
      <val name="value" val="{androidx.media.BaseMediaPlayer.BUFFERING_STATE_UNKNOWN, androidx.media.BaseMediaPlayer.BUFFERING_STATE_BUFFERING_AND_PLAYABLE, androidx.media.BaseMediaPlayer.BUFFERING_STATE_BUFFERING_AND_STARVED, androidx.media.BaseMediaPlayer.BUFFERING_STATE_BUFFERING_COMPLETE}" />
    </annotation>
  </item>
  <item name="androidx.media.MediaController2.SupportLibraryImpl int getRepeatMode()">
    <annotation name="android.support.annotation.IntDef">
      <val name="value" val="{androidx.media.MediaPlaylistAgent.REPEAT_MODE_NONE, androidx.media.MediaPlaylistAgent.REPEAT_MODE_ONE, androidx.media.MediaPlaylistAgent.REPEAT_MODE_ALL, androidx.media.MediaPlaylistAgent.REPEAT_MODE_GROUP}" />
    </annotation>
  </item>
  <item name="androidx.media.MediaController2.SupportLibraryImpl int getShuffleMode()">
    <annotation name="android.support.annotation.IntDef">
      <val name="value" val="{androidx.media.MediaPlaylistAgent.SHUFFLE_MODE_NONE, androidx.media.MediaPlaylistAgent.SHUFFLE_MODE_ALL, androidx.media.MediaPlaylistAgent.SHUFFLE_MODE_GROUP}" />
    </annotation>
  </item>
  <item name="androidx.media.MediaController2.SupportLibraryImpl void adjustVolume(int, int) 0">
    <annotation name="android.support.annotation.IntDef">
      <val name="value" val="{android.media.AudioManager.ADJUST_LOWER, android.media.AudioManager.ADJUST_RAISE, android.media.AudioManager.ADJUST_SAME, android.media.AudioManager.ADJUST_MUTE, android.media.AudioManager.ADJUST_UNMUTE, android.media.AudioManager.ADJUST_TOGGLE_MUTE}" />
    </annotation>
  </item>
  <item name="androidx.media.MediaController2.SupportLibraryImpl void adjustVolume(int, int) 1">
    <annotation name="android.support.annotation.IntDef">
      <val name="value" val="{android.media.AudioManager.FLAG_SHOW_UI, android.media.AudioManager.FLAG_ALLOW_RINGER_MODES, android.media.AudioManager.FLAG_PLAY_SOUND, android.media.AudioManager.FLAG_REMOVE_SOUND_AND_VIBRATE, android.media.AudioManager.FLAG_VIBRATE}" />
      <val name="flag" val="true" />
    </annotation>
  </item>
  <item name="androidx.media.MediaController2.SupportLibraryImpl void setRepeatMode(int) 0">
    <annotation name="android.support.annotation.IntDef">
      <val name="value" val="{androidx.media.MediaPlaylistAgent.REPEAT_MODE_NONE, androidx.media.MediaPlaylistAgent.REPEAT_MODE_ONE, androidx.media.MediaPlaylistAgent.REPEAT_MODE_ALL, androidx.media.MediaPlaylistAgent.REPEAT_MODE_GROUP}" />
    </annotation>
  </item>
  <item name="androidx.media.MediaController2.SupportLibraryImpl void setShuffleMode(int) 0">
    <annotation name="android.support.annotation.IntDef">
      <val name="value" val="{androidx.media.MediaPlaylistAgent.SHUFFLE_MODE_NONE, androidx.media.MediaPlaylistAgent.SHUFFLE_MODE_ALL, androidx.media.MediaPlaylistAgent.SHUFFLE_MODE_GROUP}" />
    </annotation>
  </item>
  <item name="androidx.media.MediaController2.SupportLibraryImpl void setVolumeTo(int, int) 1">
    <annotation name="android.support.annotation.IntDef">
      <val name="value" val="{android.media.AudioManager.FLAG_SHOW_UI, android.media.AudioManager.FLAG_ALLOW_RINGER_MODES, android.media.AudioManager.FLAG_PLAY_SOUND, android.media.AudioManager.FLAG_REMOVE_SOUND_AND_VIBRATE, android.media.AudioManager.FLAG_VIBRATE}" />
      <val name="flag" val="true" />
    </annotation>
  </item>
  <item name="android.support.v4.media.MediaController2.VolumeDirection">
    <annotation name="android.support.annotation.IntDef">
      <val name="value" val="{android.media.AudioManager.ADJUST_LOWER, android.media.AudioManager.ADJUST_RAISE, android.media.AudioManager.ADJUST_SAME, android.media.AudioManager.ADJUST_MUTE, android.media.AudioManager.ADJUST_UNMUTE, android.media.AudioManager.ADJUST_TOGGLE_MUTE}" />
    </annotation>
  </item>
  <item name="android.support.v4.media.MediaController2.VolumeFlags">
    <annotation name="android.support.annotation.IntDef">
      <val name="value" val="{android.media.AudioManager.FLAG_SHOW_UI, android.media.AudioManager.FLAG_ALLOW_RINGER_MODES, android.media.AudioManager.FLAG_PLAY_SOUND, android.media.AudioManager.FLAG_REMOVE_SOUND_AND_VIBRATE, android.media.AudioManager.FLAG_VIBRATE}" />
      <val name="flag" val="true" />
    </annotation>
  </item>
  <item name="androidx.media.MediaController2ImplBase int getBufferingState()">
    <annotation name="android.support.annotation.IntDef">
      <val name="value" val="{androidx.media.BaseMediaPlayer.BUFFERING_STATE_UNKNOWN, androidx.media.BaseMediaPlayer.BUFFERING_STATE_BUFFERING_AND_PLAYABLE, androidx.media.BaseMediaPlayer.BUFFERING_STATE_BUFFERING_AND_STARVED, androidx.media.BaseMediaPlayer.BUFFERING_STATE_BUFFERING_COMPLETE}" />
    </annotation>
  </item>
  <item name="androidx.media.MediaController2ImplBase mRepeatMode">
    <annotation name="android.support.annotation.IntDef">
      <val name="value" val="{androidx.media.MediaPlaylistAgent.REPEAT_MODE_NONE, androidx.media.MediaPlaylistAgent.REPEAT_MODE_ONE, androidx.media.MediaPlaylistAgent.REPEAT_MODE_ALL, androidx.media.MediaPlaylistAgent.REPEAT_MODE_GROUP}" />
    </annotation>
  </item>
  <item name="androidx.media.MediaController2ImplBase mShuffleMode">
    <annotation name="android.support.annotation.IntDef">
      <val name="value" val="{androidx.media.MediaPlaylistAgent.SHUFFLE_MODE_NONE, androidx.media.MediaPlaylistAgent.SHUFFLE_MODE_ALL, androidx.media.MediaPlaylistAgent.SHUFFLE_MODE_GROUP}" />
    </annotation>
  </item>
  <item name="androidx.media.MediaController2ImplBase void adjustVolume(int, int) 0">
    <annotation name="android.support.annotation.IntDef">
      <val name="value" val="{android.media.AudioManager.ADJUST_LOWER, android.media.AudioManager.ADJUST_RAISE, android.media.AudioManager.ADJUST_SAME, android.media.AudioManager.ADJUST_MUTE, android.media.AudioManager.ADJUST_UNMUTE, android.media.AudioManager.ADJUST_TOGGLE_MUTE}" />
    </annotation>
  </item>
  <item name="androidx.media.MediaController2ImplBase void adjustVolume(int, int) 1">
    <annotation name="android.support.annotation.IntDef">
      <val name="value" val="{android.media.AudioManager.FLAG_SHOW_UI, android.media.AudioManager.FLAG_ALLOW_RINGER_MODES, android.media.AudioManager.FLAG_PLAY_SOUND, android.media.AudioManager.FLAG_REMOVE_SOUND_AND_VIBRATE, android.media.AudioManager.FLAG_VIBRATE}" />
      <val name="flag" val="true" />
    </annotation>
  </item>
  <item name="androidx.media.MediaController2ImplBase void setVolumeTo(int, int) 1">
    <annotation name="android.support.annotation.IntDef">
      <val name="value" val="{android.media.AudioManager.FLAG_SHOW_UI, android.media.AudioManager.FLAG_ALLOW_RINGER_MODES, android.media.AudioManager.FLAG_PLAY_SOUND, android.media.AudioManager.FLAG_REMOVE_SOUND_AND_VIBRATE, android.media.AudioManager.FLAG_VIBRATE}" />
      <val name="flag" val="true" />
    </annotation>
  </item>
  <item name="androidx.media.MediaController2ImplLegacy int getBufferingState()">
    <annotation name="android.support.annotation.IntDef">
      <val name="value" val="{androidx.media.BaseMediaPlayer.BUFFERING_STATE_UNKNOWN, androidx.media.BaseMediaPlayer.BUFFERING_STATE_BUFFERING_AND_PLAYABLE, androidx.media.BaseMediaPlayer.BUFFERING_STATE_BUFFERING_AND_STARVED, androidx.media.BaseMediaPlayer.BUFFERING_STATE_BUFFERING_COMPLETE}" />
    </annotation>
  </item>
  <item name="androidx.media.MediaController2ImplLegacy int getRepeatMode()">
    <annotation name="android.support.annotation.IntDef">
      <val name="value" val="{androidx.media.MediaPlaylistAgent.REPEAT_MODE_NONE, androidx.media.MediaPlaylistAgent.REPEAT_MODE_ONE, androidx.media.MediaPlaylistAgent.REPEAT_MODE_ALL, androidx.media.MediaPlaylistAgent.REPEAT_MODE_GROUP}" />
    </annotation>
  </item>
  <item name="androidx.media.MediaController2ImplLegacy int getShuffleMode()">
    <annotation name="android.support.annotation.IntDef">
      <val name="value" val="{androidx.media.MediaPlaylistAgent.SHUFFLE_MODE_NONE, androidx.media.MediaPlaylistAgent.SHUFFLE_MODE_ALL, androidx.media.MediaPlaylistAgent.SHUFFLE_MODE_GROUP}" />
    </annotation>
  </item>
  <item name="androidx.media.MediaController2ImplLegacy mRepeatMode">
    <annotation name="android.support.annotation.IntDef">
      <val name="value" val="{androidx.media.MediaPlaylistAgent.REPEAT_MODE_NONE, androidx.media.MediaPlaylistAgent.REPEAT_MODE_ONE, androidx.media.MediaPlaylistAgent.REPEAT_MODE_ALL, androidx.media.MediaPlaylistAgent.REPEAT_MODE_GROUP}" />
    </annotation>
  </item>
  <item name="androidx.media.MediaController2ImplLegacy mShuffleMode">
    <annotation name="android.support.annotation.IntDef">
      <val name="value" val="{androidx.media.MediaPlaylistAgent.SHUFFLE_MODE_NONE, androidx.media.MediaPlaylistAgent.SHUFFLE_MODE_ALL, androidx.media.MediaPlaylistAgent.SHUFFLE_MODE_GROUP}" />
    </annotation>
  </item>
  <item name="androidx.media.MediaController2ImplLegacy void adjustVolume(int, int) 0">
    <annotation name="android.support.annotation.IntDef">
      <val name="value" val="{android.media.AudioManager.ADJUST_LOWER, android.media.AudioManager.ADJUST_RAISE, android.media.AudioManager.ADJUST_SAME, android.media.AudioManager.ADJUST_MUTE, android.media.AudioManager.ADJUST_UNMUTE, android.media.AudioManager.ADJUST_TOGGLE_MUTE}" />
    </annotation>
  </item>
  <item name="androidx.media.MediaController2ImplLegacy void adjustVolume(int, int) 1">
    <annotation name="android.support.annotation.IntDef">
      <val name="value" val="{android.media.AudioManager.FLAG_SHOW_UI, android.media.AudioManager.FLAG_ALLOW_RINGER_MODES, android.media.AudioManager.FLAG_PLAY_SOUND, android.media.AudioManager.FLAG_REMOVE_SOUND_AND_VIBRATE, android.media.AudioManager.FLAG_VIBRATE}" />
      <val name="flag" val="true" />
    </annotation>
  </item>
  <item name="androidx.media.MediaController2ImplLegacy void setRepeatMode(int) 0">
    <annotation name="android.support.annotation.IntDef">
      <val name="value" val="{androidx.media.MediaPlaylistAgent.REPEAT_MODE_NONE, androidx.media.MediaPlaylistAgent.REPEAT_MODE_ONE, androidx.media.MediaPlaylistAgent.REPEAT_MODE_ALL, androidx.media.MediaPlaylistAgent.REPEAT_MODE_GROUP}" />
    </annotation>
  </item>
  <item name="androidx.media.MediaController2ImplLegacy void setShuffleMode(int) 0">
    <annotation name="android.support.annotation.IntDef">
      <val name="value" val="{androidx.media.MediaPlaylistAgent.SHUFFLE_MODE_NONE, androidx.media.MediaPlaylistAgent.SHUFFLE_MODE_ALL, androidx.media.MediaPlaylistAgent.SHUFFLE_MODE_GROUP}" />
    </annotation>
  </item>
  <item name="androidx.media.MediaController2ImplLegacy void setVolumeTo(int, int) 1">
    <annotation name="android.support.annotation.IntDef">
      <val name="value" val="{android.media.AudioManager.FLAG_SHOW_UI, android.media.AudioManager.FLAG_ALLOW_RINGER_MODES, android.media.AudioManager.FLAG_PLAY_SOUND, android.media.AudioManager.FLAG_REMOVE_SOUND_AND_VIBRATE, android.media.AudioManager.FLAG_VIBRATE}" />
      <val name="flag" val="true" />
    </annotation>
  </item>
  <item name="androidx.media.MediaController2Stub void onBufferingStateChanged(android.os.Bundle, int, long) 1">
    <annotation name="android.support.annotation.IntDef">
      <val name="value" val="{androidx.media.BaseMediaPlayer.BUFFERING_STATE_UNKNOWN, androidx.media.BaseMediaPlayer.BUFFERING_STATE_BUFFERING_AND_PLAYABLE, androidx.media.BaseMediaPlayer.BUFFERING_STATE_BUFFERING_AND_STARVED, androidx.media.BaseMediaPlayer.BUFFERING_STATE_BUFFERING_COMPLETE}" />
    </annotation>
  </item>
  <item name="androidx.media.MediaInterface2.SessionPlayer void notifyError(int, android.os.Bundle) 0">
    <annotation name="android.support.annotation.IntDef">
      <val name="value" val="{androidx.media.MediaSession2.ERROR_CODE_UNKNOWN_ERROR, androidx.media.MediaSession2.ERROR_CODE_APP_ERROR, androidx.media.MediaSession2.ERROR_CODE_NOT_SUPPORTED, androidx.media.MediaSession2.ERROR_CODE_AUTHENTICATION_EXPIRED, androidx.media.MediaSession2.ERROR_CODE_PREMIUM_ACCOUNT_REQUIRED, androidx.media.MediaSession2.ERROR_CODE_CONCURRENT_STREAM_LIMIT, androidx.media.MediaSession2.ERROR_CODE_PARENTAL_CONTROL_RESTRICTED, androidx.media.MediaSession2.ERROR_CODE_NOT_AVAILABLE_IN_REGION, androidx.media.MediaSession2.ERROR_CODE_CONTENT_ALREADY_PLAYING, androidx.media.MediaSession2.ERROR_CODE_SKIP_LIMIT_REACHED, androidx.media.MediaSession2.ERROR_CODE_ACTION_ABORTED, androidx.media.MediaSession2.ERROR_CODE_END_OF_QUEUE, androidx.media.MediaSession2.ERROR_CODE_SETUP_REQUIRED}" />
    </annotation>
  </item>
  <item name="androidx.media.MediaItem2 MediaItem2(java.lang.String, androidx.media.DataSourceDesc, androidx.media.MediaMetadata2, int) 3">
    <annotation name="android.support.annotation.IntDef">
      <val name="flag" val="true" />
      <val name="value" val="{androidx.media.MediaItem2.FLAG_BROWSABLE, androidx.media.MediaItem2.FLAG_PLAYABLE}" />
    </annotation>
  </item>
  <item name="androidx.media.MediaItem2 MediaItem2(java.lang.String, androidx.media.DataSourceDesc, androidx.media.MediaMetadata2, int, java.util.UUID) 3">
    <annotation name="android.support.annotation.IntDef">
      <val name="flag" val="true" />
      <val name="value" val="{androidx.media.MediaItem2.FLAG_BROWSABLE, androidx.media.MediaItem2.FLAG_PLAYABLE}" />
    </annotation>
  </item>
  <item name="androidx.media.MediaItem2 int getFlags()">
    <annotation name="android.support.annotation.IntDef">
      <val name="flag" val="true" />
      <val name="value" val="{androidx.media.MediaItem2.FLAG_BROWSABLE, androidx.media.MediaItem2.FLAG_PLAYABLE}" />
    </annotation>
  </item>
  <item name="androidx.media.MediaItem2.Builder Builder(int) 0">
    <annotation name="android.support.annotation.IntDef">
      <val name="flag" val="true" />
      <val name="value" val="{androidx.media.MediaItem2.FLAG_BROWSABLE, androidx.media.MediaItem2.FLAG_PLAYABLE}" />
    </annotation>
  </item>
  <item name="androidx.media.MediaItem2.Builder mFlags">
    <annotation name="android.support.annotation.IntDef">
      <val name="flag" val="true" />
      <val name="value" val="{androidx.media.MediaItem2.FLAG_BROWSABLE, androidx.media.MediaItem2.FLAG_PLAYABLE}" />
    </annotation>
  </item>
  <item name="android.support.v4.media.MediaItem2.Flags">
    <annotation name="android.support.annotation.IntDef">
      <val name="flag" val="true" />
      <val name="value" val="{androidx.media.MediaItem2.FLAG_BROWSABLE, androidx.media.MediaItem2.FLAG_PLAYABLE}" />
    </annotation>
  </item>
  <item name="androidx.media.MediaMetadata2 PREFERRED_BITMAP_ORDER">
    <annotation name="android.support.annotation.StringDef">
      <val name="value" val="{androidx.media.MediaMetadata2.METADATA_KEY_ART, androidx.media.MediaMetadata2.METADATA_KEY_ALBUM_ART, androidx.media.MediaMetadata2.METADATA_KEY_DISPLAY_ICON}" />
    </annotation>
  </item>
  <item name="androidx.media.MediaMetadata2 PREFERRED_DESCRIPTION_ORDER">
    <annotation name="android.support.annotation.StringDef">
      <val name="value" val="{androidx.media.MediaMetadata2.METADATA_KEY_TITLE, androidx.media.MediaMetadata2.METADATA_KEY_ARTIST, androidx.media.MediaMetadata2.METADATA_KEY_ALBUM, androidx.media.MediaMetadata2.METADATA_KEY_AUTHOR, androidx.media.MediaMetadata2.METADATA_KEY_WRITER, androidx.media.MediaMetadata2.METADATA_KEY_COMPOSER, androidx.media.MediaMetadata2.METADATA_KEY_COMPILATION, androidx.media.MediaMetadata2.METADATA_KEY_DATE, androidx.media.MediaMetadata2.METADATA_KEY_GENRE, androidx.media.MediaMetadata2.METADATA_KEY_ALBUM_ARTIST, androidx.media.MediaMetadata2.METADATA_KEY_ART_URI, androidx.media.MediaMetadata2.METADATA_KEY_ALBUM_ART_URI, androidx.media.MediaMetadata2.METADATA_KEY_DISPLAY_TITLE, androidx.media.MediaMetadata2.METADATA_KEY_DISPLAY_SUBTITLE, androidx.media.MediaMetadata2.METADATA_KEY_DISPLAY_DESCRIPTION, androidx.media.MediaMetadata2.METADATA_KEY_DISPLAY_ICON_URI, androidx.media.MediaMetadata2.METADATA_KEY_MEDIA_ID, androidx.media.MediaMetadata2.METADATA_KEY_MEDIA_URI, androidx.media.MediaMetadata2.METADATA_KEY_RADIO_PROGRAM_NAME}" />
    </annotation>
  </item>
  <item name="androidx.media.MediaMetadata2 PREFERRED_URI_ORDER">
    <annotation name="android.support.annotation.StringDef">
      <val name="value" val="{androidx.media.MediaMetadata2.METADATA_KEY_TITLE, androidx.media.MediaMetadata2.METADATA_KEY_ARTIST, androidx.media.MediaMetadata2.METADATA_KEY_ALBUM, androidx.media.MediaMetadata2.METADATA_KEY_AUTHOR, androidx.media.MediaMetadata2.METADATA_KEY_WRITER, androidx.media.MediaMetadata2.METADATA_KEY_COMPOSER, androidx.media.MediaMetadata2.METADATA_KEY_COMPILATION, androidx.media.MediaMetadata2.METADATA_KEY_DATE, androidx.media.MediaMetadata2.METADATA_KEY_GENRE, androidx.media.MediaMetadata2.METADATA_KEY_ALBUM_ARTIST, androidx.media.MediaMetadata2.METADATA_KEY_ART_URI, androidx.media.MediaMetadata2.METADATA_KEY_ALBUM_ART_URI, androidx.media.MediaMetadata2.METADATA_KEY_DISPLAY_TITLE, androidx.media.MediaMetadata2.METADATA_KEY_DISPLAY_SUBTITLE, androidx.media.MediaMetadata2.METADATA_KEY_DISPLAY_DESCRIPTION, androidx.media.MediaMetadata2.METADATA_KEY_DISPLAY_ICON_URI, androidx.media.MediaMetadata2.METADATA_KEY_MEDIA_ID, androidx.media.MediaMetadata2.METADATA_KEY_MEDIA_URI, androidx.media.MediaMetadata2.METADATA_KEY_RADIO_PROGRAM_NAME}" />
    </annotation>
  </item>
  <item name="androidx.media.MediaMetadata2 android.graphics.Bitmap getBitmap(java.lang.String) 0">
    <annotation name="android.support.annotation.StringDef">
      <val name="value" val="{androidx.media.MediaMetadata2.METADATA_KEY_ART, androidx.media.MediaMetadata2.METADATA_KEY_ALBUM_ART, androidx.media.MediaMetadata2.METADATA_KEY_DISPLAY_ICON}" />
    </annotation>
  </item>
  <item name="androidx.media.MediaMetadata2 androidx.media.Rating2 getRating(java.lang.String) 0">
    <annotation name="android.support.annotation.StringDef">
      <val name="value" val="{androidx.media.MediaMetadata2.METADATA_KEY_USER_RATING, androidx.media.MediaMetadata2.METADATA_KEY_RATING}" />
    </annotation>
  </item>
  <item name="androidx.media.MediaMetadata2 float getFloat(java.lang.String) 0">
    <annotation name="android.support.annotation.StringDef">
      <val name="value" val="{androidx.media.MediaMetadata2.METADATA_KEY_RADIO_FREQUENCY}" />
    </annotation>
  </item>
  <item name="androidx.media.MediaMetadata2 java.lang.CharSequence getText(java.lang.String) 0">
    <annotation name="android.support.annotation.StringDef">
      <val name="value" val="{androidx.media.MediaMetadata2.METADATA_KEY_TITLE, androidx.media.MediaMetadata2.METADATA_KEY_ARTIST, androidx.media.MediaMetadata2.METADATA_KEY_ALBUM, androidx.media.MediaMetadata2.METADATA_KEY_AUTHOR, androidx.media.MediaMetadata2.METADATA_KEY_WRITER, androidx.media.MediaMetadata2.METADATA_KEY_COMPOSER, androidx.media.MediaMetadata2.METADATA_KEY_COMPILATION, androidx.media.MediaMetadata2.METADATA_KEY_DATE, androidx.media.MediaMetadata2.METADATA_KEY_GENRE, androidx.media.MediaMetadata2.METADATA_KEY_ALBUM_ARTIST, androidx.media.MediaMetadata2.METADATA_KEY_ART_URI, androidx.media.MediaMetadata2.METADATA_KEY_ALBUM_ART_URI, androidx.media.MediaMetadata2.METADATA_KEY_DISPLAY_TITLE, androidx.media.MediaMetadata2.METADATA_KEY_DISPLAY_SUBTITLE, androidx.media.MediaMetadata2.METADATA_KEY_DISPLAY_DESCRIPTION, androidx.media.MediaMetadata2.METADATA_KEY_DISPLAY_ICON_URI, androidx.media.MediaMetadata2.METADATA_KEY_MEDIA_ID, androidx.media.MediaMetadata2.METADATA_KEY_MEDIA_URI, androidx.media.MediaMetadata2.METADATA_KEY_RADIO_PROGRAM_NAME}" />
    </annotation>
  </item>
  <item name="androidx.media.MediaMetadata2 java.lang.String getString(java.lang.String) 0">
    <annotation name="android.support.annotation.StringDef">
      <val name="value" val="{androidx.media.MediaMetadata2.METADATA_KEY_TITLE, androidx.media.MediaMetadata2.METADATA_KEY_ARTIST, androidx.media.MediaMetadata2.METADATA_KEY_ALBUM, androidx.media.MediaMetadata2.METADATA_KEY_AUTHOR, androidx.media.MediaMetadata2.METADATA_KEY_WRITER, androidx.media.MediaMetadata2.METADATA_KEY_COMPOSER, androidx.media.MediaMetadata2.METADATA_KEY_COMPILATION, androidx.media.MediaMetadata2.METADATA_KEY_DATE, androidx.media.MediaMetadata2.METADATA_KEY_GENRE, androidx.media.MediaMetadata2.METADATA_KEY_ALBUM_ARTIST, androidx.media.MediaMetadata2.METADATA_KEY_ART_URI, androidx.media.MediaMetadata2.METADATA_KEY_ALBUM_ART_URI, androidx.media.MediaMetadata2.METADATA_KEY_DISPLAY_TITLE, androidx.media.MediaMetadata2.METADATA_KEY_DISPLAY_SUBTITLE, androidx.media.MediaMetadata2.METADATA_KEY_DISPLAY_DESCRIPTION, androidx.media.MediaMetadata2.METADATA_KEY_DISPLAY_ICON_URI, androidx.media.MediaMetadata2.METADATA_KEY_MEDIA_ID, androidx.media.MediaMetadata2.METADATA_KEY_MEDIA_URI, androidx.media.MediaMetadata2.METADATA_KEY_RADIO_PROGRAM_NAME}" />
    </annotation>
  </item>
  <item name="androidx.media.MediaMetadata2 long getLong(java.lang.String) 0">
    <annotation name="android.support.annotation.StringDef">
      <val name="value" val="{androidx.media.MediaMetadata2.METADATA_KEY_DURATION, androidx.media.MediaMetadata2.METADATA_KEY_YEAR, androidx.media.MediaMetadata2.METADATA_KEY_TRACK_NUMBER, androidx.media.MediaMetadata2.METADATA_KEY_NUM_TRACKS, androidx.media.MediaMetadata2.METADATA_KEY_DISC_NUMBER, androidx.media.MediaMetadata2.METADATA_KEY_BT_FOLDER_TYPE, androidx.media.MediaMetadata2.METADATA_KEY_ADVERTISEMENT, androidx.media.MediaMetadata2.METADATA_KEY_DOWNLOAD_STATUS}" />
    </annotation>
  </item>
  <item name="android.support.v4.media.MediaMetadata2.BitmapKey">
    <annotation name="android.support.annotation.StringDef">
      <val name="value" val="{androidx.media.MediaMetadata2.METADATA_KEY_ART, androidx.media.MediaMetadata2.METADATA_KEY_ALBUM_ART, androidx.media.MediaMetadata2.METADATA_KEY_DISPLAY_ICON}" />
    </annotation>
  </item>
  <item name="androidx.media.MediaMetadata2.Builder androidx.media.MediaMetadata2.Builder putBitmap(java.lang.String, android.graphics.Bitmap) 0">
    <annotation name="android.support.annotation.StringDef">
      <val name="value" val="{androidx.media.MediaMetadata2.METADATA_KEY_ART, androidx.media.MediaMetadata2.METADATA_KEY_ALBUM_ART, androidx.media.MediaMetadata2.METADATA_KEY_DISPLAY_ICON}" />
    </annotation>
  </item>
  <item name="androidx.media.MediaMetadata2.Builder androidx.media.MediaMetadata2.Builder putFloat(java.lang.String, float) 0">
    <annotation name="android.support.annotation.StringDef">
      <val name="value" val="{androidx.media.MediaMetadata2.METADATA_KEY_DURATION, androidx.media.MediaMetadata2.METADATA_KEY_YEAR, androidx.media.MediaMetadata2.METADATA_KEY_TRACK_NUMBER, androidx.media.MediaMetadata2.METADATA_KEY_NUM_TRACKS, androidx.media.MediaMetadata2.METADATA_KEY_DISC_NUMBER, androidx.media.MediaMetadata2.METADATA_KEY_BT_FOLDER_TYPE, androidx.media.MediaMetadata2.METADATA_KEY_ADVERTISEMENT, androidx.media.MediaMetadata2.METADATA_KEY_DOWNLOAD_STATUS}" />
    </annotation>
  </item>
  <item name="androidx.media.MediaMetadata2.Builder androidx.media.MediaMetadata2.Builder putLong(java.lang.String, long) 0">
    <annotation name="android.support.annotation.StringDef">
      <val name="value" val="{androidx.media.MediaMetadata2.METADATA_KEY_DURATION, androidx.media.MediaMetadata2.METADATA_KEY_YEAR, androidx.media.MediaMetadata2.METADATA_KEY_TRACK_NUMBER, androidx.media.MediaMetadata2.METADATA_KEY_NUM_TRACKS, androidx.media.MediaMetadata2.METADATA_KEY_DISC_NUMBER, androidx.media.MediaMetadata2.METADATA_KEY_BT_FOLDER_TYPE, androidx.media.MediaMetadata2.METADATA_KEY_ADVERTISEMENT, androidx.media.MediaMetadata2.METADATA_KEY_DOWNLOAD_STATUS}" />
    </annotation>
  </item>
  <item name="androidx.media.MediaMetadata2.Builder androidx.media.MediaMetadata2.Builder putRating(java.lang.String, androidx.media.Rating2) 0">
    <annotation name="android.support.annotation.StringDef">
      <val name="value" val="{androidx.media.MediaMetadata2.METADATA_KEY_USER_RATING, androidx.media.MediaMetadata2.METADATA_KEY_RATING}" />
    </annotation>
  </item>
  <item name="androidx.media.MediaMetadata2.Builder androidx.media.MediaMetadata2.Builder putString(java.lang.String, java.lang.String) 0">
    <annotation name="android.support.annotation.StringDef">
      <val name="value" val="{androidx.media.MediaMetadata2.METADATA_KEY_TITLE, androidx.media.MediaMetadata2.METADATA_KEY_ARTIST, androidx.media.MediaMetadata2.METADATA_KEY_ALBUM, androidx.media.MediaMetadata2.METADATA_KEY_AUTHOR, androidx.media.MediaMetadata2.METADATA_KEY_WRITER, androidx.media.MediaMetadata2.METADATA_KEY_COMPOSER, androidx.media.MediaMetadata2.METADATA_KEY_COMPILATION, androidx.media.MediaMetadata2.METADATA_KEY_DATE, androidx.media.MediaMetadata2.METADATA_KEY_GENRE, androidx.media.MediaMetadata2.METADATA_KEY_ALBUM_ARTIST, androidx.media.MediaMetadata2.METADATA_KEY_ART_URI, androidx.media.MediaMetadata2.METADATA_KEY_ALBUM_ART_URI, androidx.media.MediaMetadata2.METADATA_KEY_DISPLAY_TITLE, androidx.media.MediaMetadata2.METADATA_KEY_DISPLAY_SUBTITLE, androidx.media.MediaMetadata2.METADATA_KEY_DISPLAY_DESCRIPTION, androidx.media.MediaMetadata2.METADATA_KEY_DISPLAY_ICON_URI, androidx.media.MediaMetadata2.METADATA_KEY_MEDIA_ID, androidx.media.MediaMetadata2.METADATA_KEY_MEDIA_URI, androidx.media.MediaMetadata2.METADATA_KEY_RADIO_PROGRAM_NAME}" />
    </annotation>
  </item>
  <item name="androidx.media.MediaMetadata2.Builder androidx.media.MediaMetadata2.Builder putText(java.lang.String, java.lang.CharSequence) 0">
    <annotation name="android.support.annotation.StringDef">
      <val name="value" val="{androidx.media.MediaMetadata2.METADATA_KEY_TITLE, androidx.media.MediaMetadata2.METADATA_KEY_ARTIST, androidx.media.MediaMetadata2.METADATA_KEY_ALBUM, androidx.media.MediaMetadata2.METADATA_KEY_AUTHOR, androidx.media.MediaMetadata2.METADATA_KEY_WRITER, androidx.media.MediaMetadata2.METADATA_KEY_COMPOSER, androidx.media.MediaMetadata2.METADATA_KEY_COMPILATION, androidx.media.MediaMetadata2.METADATA_KEY_DATE, androidx.media.MediaMetadata2.METADATA_KEY_GENRE, androidx.media.MediaMetadata2.METADATA_KEY_ALBUM_ARTIST, androidx.media.MediaMetadata2.METADATA_KEY_ART_URI, androidx.media.MediaMetadata2.METADATA_KEY_ALBUM_ART_URI, androidx.media.MediaMetadata2.METADATA_KEY_DISPLAY_TITLE, androidx.media.MediaMetadata2.METADATA_KEY_DISPLAY_SUBTITLE, androidx.media.MediaMetadata2.METADATA_KEY_DISPLAY_DESCRIPTION, androidx.media.MediaMetadata2.METADATA_KEY_DISPLAY_ICON_URI, androidx.media.MediaMetadata2.METADATA_KEY_MEDIA_ID, androidx.media.MediaMetadata2.METADATA_KEY_MEDIA_URI, androidx.media.MediaMetadata2.METADATA_KEY_RADIO_PROGRAM_NAME}" />
    </annotation>
  </item>
  <item name="android.support.v4.media.MediaMetadata2.FloatKey">
    <annotation name="android.support.annotation.StringDef">
      <val name="value" val="{androidx.media.MediaMetadata2.METADATA_KEY_RADIO_FREQUENCY}" />
    </annotation>
  </item>
  <item name="android.support.v4.media.MediaMetadata2.LongKey">
    <annotation name="android.support.annotation.StringDef">
      <val name="value" val="{androidx.media.MediaMetadata2.METADATA_KEY_DURATION, androidx.media.MediaMetadata2.METADATA_KEY_YEAR, androidx.media.MediaMetadata2.METADATA_KEY_TRACK_NUMBER, androidx.media.MediaMetadata2.METADATA_KEY_NUM_TRACKS, androidx.media.MediaMetadata2.METADATA_KEY_DISC_NUMBER, androidx.media.MediaMetadata2.METADATA_KEY_BT_FOLDER_TYPE, androidx.media.MediaMetadata2.METADATA_KEY_ADVERTISEMENT, androidx.media.MediaMetadata2.METADATA_KEY_DOWNLOAD_STATUS}" />
    </annotation>
  </item>
  <item name="android.support.v4.media.MediaMetadata2.RatingKey">
    <annotation name="android.support.annotation.StringDef">
      <val name="value" val="{androidx.media.MediaMetadata2.METADATA_KEY_USER_RATING, androidx.media.MediaMetadata2.METADATA_KEY_RATING}" />
    </annotation>
  </item>
  <item name="android.support.v4.media.MediaMetadata2.TextKey">
    <annotation name="android.support.annotation.StringDef">
      <val name="value" val="{androidx.media.MediaMetadata2.METADATA_KEY_TITLE, androidx.media.MediaMetadata2.METADATA_KEY_ARTIST, androidx.media.MediaMetadata2.METADATA_KEY_ALBUM, androidx.media.MediaMetadata2.METADATA_KEY_AUTHOR, androidx.media.MediaMetadata2.METADATA_KEY_WRITER, androidx.media.MediaMetadata2.METADATA_KEY_COMPOSER, androidx.media.MediaMetadata2.METADATA_KEY_COMPILATION, androidx.media.MediaMetadata2.METADATA_KEY_DATE, androidx.media.MediaMetadata2.METADATA_KEY_GENRE, androidx.media.MediaMetadata2.METADATA_KEY_ALBUM_ARTIST, androidx.media.MediaMetadata2.METADATA_KEY_ART_URI, androidx.media.MediaMetadata2.METADATA_KEY_ALBUM_ART_URI, androidx.media.MediaMetadata2.METADATA_KEY_DISPLAY_TITLE, androidx.media.MediaMetadata2.METADATA_KEY_DISPLAY_SUBTITLE, androidx.media.MediaMetadata2.METADATA_KEY_DISPLAY_DESCRIPTION, androidx.media.MediaMetadata2.METADATA_KEY_DISPLAY_ICON_URI, androidx.media.MediaMetadata2.METADATA_KEY_MEDIA_ID, androidx.media.MediaMetadata2.METADATA_KEY_MEDIA_URI, androidx.media.MediaMetadata2.METADATA_KEY_RADIO_PROGRAM_NAME}" />
    </annotation>
  </item>
  <item name="androidx.media.MediaPlayer2 int getState()">
    <annotation name="android.support.annotation.IntDef">
      <val name="flag" val="false" />
      <val name="value" val="{androidx.media.MediaPlayer2.MEDIAPLAYER2_STATE_IDLE, androidx.media.MediaPlayer2.MEDIAPLAYER2_STATE_PREPARED, androidx.media.MediaPlayer2.MEDIAPLAYER2_STATE_PAUSED, androidx.media.MediaPlayer2.MEDIAPLAYER2_STATE_PLAYING, androidx.media.MediaPlayer2.MEDIAPLAYER2_STATE_ERROR}" />
    </annotation>
  </item>
  <item name="androidx.media.MediaPlayer2 void seekTo(long, int) 1">
    <annotation name="android.support.annotation.IntDef">
      <val name="flag" val="false" />
      <val name="value" val="{androidx.media.MediaPlayer2.SEEK_PREVIOUS_SYNC, androidx.media.MediaPlayer2.SEEK_NEXT_SYNC, androidx.media.MediaPlayer2.SEEK_CLOSEST_SYNC, androidx.media.MediaPlayer2.SEEK_CLOSEST}" />
    </annotation>
  </item>
  <item name="android.support.v4.media.MediaPlayer2.CallCompleted">
    <annotation name="android.support.annotation.IntDef">
      <val name="flag" val="false" />
      <val name="value" val="{androidx.media.MediaPlayer2.CALL_COMPLETED_ATTACH_AUX_EFFECT, androidx.media.MediaPlayer2.CALL_COMPLETED_DESELECT_TRACK, androidx.media.MediaPlayer2.CALL_COMPLETED_LOOP_CURRENT, androidx.media.MediaPlayer2.CALL_COMPLETED_PAUSE, androidx.media.MediaPlayer2.CALL_COMPLETED_PLAY, androidx.media.MediaPlayer2.CALL_COMPLETED_PREPARE, androidx.media.MediaPlayer2.CALL_COMPLETED_SEEK_TO, androidx.media.MediaPlayer2.CALL_COMPLETED_SELECT_TRACK, androidx.media.MediaPlayer2.CALL_COMPLETED_SET_AUDIO_ATTRIBUTES, androidx.media.MediaPlayer2.CALL_COMPLETED_SET_AUDIO_SESSION_ID, androidx.media.MediaPlayer2.CALL_COMPLETED_SET_AUX_EFFECT_SEND_LEVEL, androidx.media.MediaPlayer2.CALL_COMPLETED_SET_DATA_SOURCE, androidx.media.MediaPlayer2.CALL_COMPLETED_SET_NEXT_DATA_SOURCE, androidx.media.MediaPlayer2.CALL_COMPLETED_SET_NEXT_DATA_SOURCES, androidx.media.MediaPlayer2.CALL_COMPLETED_SET_PLAYBACK_PARAMS, androidx.media.MediaPlayer2.CALL_COMPLETED_SET_PLAYER_VOLUME, androidx.media.MediaPlayer2.CALL_COMPLETED_SET_SURFACE, androidx.media.MediaPlayer2.CALL_COMPLETED_SKIP_TO_NEXT, androidx.media.MediaPlayer2.CALL_COMPLETED_NOTIFY_WHEN_COMMAND_LABEL_REACHED}" />
    </annotation>
  </item>
  <item name="android.support.v4.media.MediaPlayer2.CallStatus">
    <annotation name="android.support.annotation.IntDef">
      <val name="flag" val="false" />
      <val name="value" val="{androidx.media.MediaPlayer2.CALL_STATUS_NO_ERROR, androidx.media.MediaPlayer2.CALL_STATUS_ERROR_UNKNOWN, androidx.media.MediaPlayer2.CALL_STATUS_INVALID_OPERATION, androidx.media.MediaPlayer2.CALL_STATUS_BAD_VALUE, androidx.media.MediaPlayer2.CALL_STATUS_PERMISSION_DENIED, androidx.media.MediaPlayer2.CALL_STATUS_ERROR_IO}" />
    </annotation>
  </item>
  <item name="androidx.media.MediaPlayer2.DrmEventCallback void onDrmPrepared(androidx.media.MediaPlayer2, androidx.media.DataSourceDesc, int) 2">
    <annotation name="android.support.annotation.IntDef">
      <val name="flag" val="false" />
      <val name="value" val="{androidx.media.MediaPlayer2.PREPARE_DRM_STATUS_SUCCESS, androidx.media.MediaPlayer2.PREPARE_DRM_STATUS_PROVISIONING_NETWORK_ERROR, androidx.media.MediaPlayer2.PREPARE_DRM_STATUS_PROVISIONING_SERVER_ERROR, androidx.media.MediaPlayer2.PREPARE_DRM_STATUS_PREPARATION_ERROR}" />
    </annotation>
  </item>
  <item name="androidx.media.MediaPlayer2.EventCallback void onCallCompleted(androidx.media.MediaPlayer2, androidx.media.DataSourceDesc, int, int) 2">
    <annotation name="android.support.annotation.IntDef">
      <val name="flag" val="false" />
      <val name="value" val="{androidx.media.MediaPlayer2.CALL_COMPLETED_ATTACH_AUX_EFFECT, androidx.media.MediaPlayer2.CALL_COMPLETED_DESELECT_TRACK, androidx.media.MediaPlayer2.CALL_COMPLETED_LOOP_CURRENT, androidx.media.MediaPlayer2.CALL_COMPLETED_PAUSE, androidx.media.MediaPlayer2.CALL_COMPLETED_PLAY, androidx.media.MediaPlayer2.CALL_COMPLETED_PREPARE, androidx.media.MediaPlayer2.CALL_COMPLETED_SEEK_TO, androidx.media.MediaPlayer2.CALL_COMPLETED_SELECT_TRACK, androidx.media.MediaPlayer2.CALL_COMPLETED_SET_AUDIO_ATTRIBUTES, androidx.media.MediaPlayer2.CALL_COMPLETED_SET_AUDIO_SESSION_ID, androidx.media.MediaPlayer2.CALL_COMPLETED_SET_AUX_EFFECT_SEND_LEVEL, androidx.media.MediaPlayer2.CALL_COMPLETED_SET_DATA_SOURCE, androidx.media.MediaPlayer2.CALL_COMPLETED_SET_NEXT_DATA_SOURCE, androidx.media.MediaPlayer2.CALL_COMPLETED_SET_NEXT_DATA_SOURCES, androidx.media.MediaPlayer2.CALL_COMPLETED_SET_PLAYBACK_PARAMS, androidx.media.MediaPlayer2.CALL_COMPLETED_SET_PLAYER_VOLUME, androidx.media.MediaPlayer2.CALL_COMPLETED_SET_SURFACE, androidx.media.MediaPlayer2.CALL_COMPLETED_SKIP_TO_NEXT, androidx.media.MediaPlayer2.CALL_COMPLETED_NOTIFY_WHEN_COMMAND_LABEL_REACHED}" />
    </annotation>
  </item>
  <item name="androidx.media.MediaPlayer2.EventCallback void onCallCompleted(androidx.media.MediaPlayer2, androidx.media.DataSourceDesc, int, int) 3">
    <annotation name="android.support.annotation.IntDef">
      <val name="flag" val="false" />
      <val name="value" val="{androidx.media.MediaPlayer2.CALL_STATUS_NO_ERROR, androidx.media.MediaPlayer2.CALL_STATUS_ERROR_UNKNOWN, androidx.media.MediaPlayer2.CALL_STATUS_INVALID_OPERATION, androidx.media.MediaPlayer2.CALL_STATUS_BAD_VALUE, androidx.media.MediaPlayer2.CALL_STATUS_PERMISSION_DENIED, androidx.media.MediaPlayer2.CALL_STATUS_ERROR_IO}" />
    </annotation>
  </item>
  <item name="androidx.media.MediaPlayer2.EventCallback void onError(androidx.media.MediaPlayer2, androidx.media.DataSourceDesc, int, int) 2">
    <annotation name="android.support.annotation.IntDef">
      <val name="flag" val="false" />
      <val name="value" val="{androidx.media.MediaPlayer2.MEDIA_ERROR_UNKNOWN, androidx.media.MediaPlayer2.MEDIA_ERROR_NOT_VALID_FOR_PROGRESSIVE_PLAYBACK, androidx.media.MediaPlayer2.MEDIA_ERROR_IO, androidx.media.MediaPlayer2.MEDIA_ERROR_MALFORMED, androidx.media.MediaPlayer2.MEDIA_ERROR_UNSUPPORTED, androidx.media.MediaPlayer2.MEDIA_ERROR_TIMED_OUT, androidx.media.MediaPlayer2.MEDIA_ERROR_SYSTEM}" />
    </annotation>
  </item>
  <item name="androidx.media.MediaPlayer2.EventCallback void onInfo(androidx.media.MediaPlayer2, androidx.media.DataSourceDesc, int, int) 2">
    <annotation name="android.support.annotation.IntDef">
      <val name="flag" val="false" />
      <val name="value" val="{androidx.media.MediaPlayer2.MEDIA_INFO_UNKNOWN, androidx.media.MediaPlayer2.MEDIA_INFO_STARTED_AS_NEXT, androidx.media.MediaPlayer2.MEDIA_INFO_VIDEO_RENDERING_START, androidx.media.MediaPlayer2.MEDIA_INFO_AUDIO_RENDERING_START, androidx.media.MediaPlayer2.MEDIA_INFO_PLAYBACK_COMPLETE, androidx.media.MediaPlayer2.MEDIA_INFO_PLAYLIST_END, androidx.media.MediaPlayer2.MEDIA_INFO_PREPARED, androidx.media.MediaPlayer2.MEDIA_INFO_VIDEO_TRACK_LAGGING, androidx.media.MediaPlayer2.MEDIA_INFO_BUFFERING_START, androidx.media.MediaPlayer2.MEDIA_INFO_BUFFERING_END, androidx.media.MediaPlayer2.MEDIA_INFO_NETWORK_BANDWIDTH, androidx.media.MediaPlayer2.MEDIA_INFO_BUFFERING_UPDATE, androidx.media.MediaPlayer2.MEDIA_INFO_BAD_INTERLEAVING, androidx.media.MediaPlayer2.MEDIA_INFO_NOT_SEEKABLE, androidx.media.MediaPlayer2.MEDIA_INFO_METADATA_UPDATE, androidx.media.MediaPlayer2.MEDIA_INFO_EXTERNAL_METADATA_UPDATE, androidx.media.MediaPlayer2.MEDIA_INFO_AUDIO_NOT_PLAYING, androidx.media.MediaPlayer2.MEDIA_INFO_VIDEO_NOT_PLAYING, androidx.media.MediaPlayer2.MEDIA_INFO_TIMED_TEXT_ERROR, androidx.media.MediaPlayer2.MEDIA_INFO_UNSUPPORTED_SUBTITLE, androidx.media.MediaPlayer2.MEDIA_INFO_SUBTITLE_TIMED_OUT}" />
    </annotation>
  </item>
  <item name="android.support.v4.media.MediaPlayer2.MediaError">
    <annotation name="android.support.annotation.IntDef">
      <val name="flag" val="false" />
      <val name="value" val="{androidx.media.MediaPlayer2.MEDIA_ERROR_UNKNOWN, androidx.media.MediaPlayer2.MEDIA_ERROR_NOT_VALID_FOR_PROGRESSIVE_PLAYBACK, androidx.media.MediaPlayer2.MEDIA_ERROR_IO, androidx.media.MediaPlayer2.MEDIA_ERROR_MALFORMED, androidx.media.MediaPlayer2.MEDIA_ERROR_UNSUPPORTED, androidx.media.MediaPlayer2.MEDIA_ERROR_TIMED_OUT, androidx.media.MediaPlayer2.MEDIA_ERROR_SYSTEM}" />
    </annotation>
  </item>
  <item name="android.support.v4.media.MediaPlayer2.MediaInfo">
    <annotation name="android.support.annotation.IntDef">
      <val name="flag" val="false" />
      <val name="value" val="{androidx.media.MediaPlayer2.MEDIA_INFO_UNKNOWN, androidx.media.MediaPlayer2.MEDIA_INFO_STARTED_AS_NEXT, androidx.media.MediaPlayer2.MEDIA_INFO_VIDEO_RENDERING_START, androidx.media.MediaPlayer2.MEDIA_INFO_AUDIO_RENDERING_START, androidx.media.MediaPlayer2.MEDIA_INFO_PLAYBACK_COMPLETE, androidx.media.MediaPlayer2.MEDIA_INFO_PLAYLIST_END, androidx.media.MediaPlayer2.MEDIA_INFO_PREPARED, androidx.media.MediaPlayer2.MEDIA_INFO_VIDEO_TRACK_LAGGING, androidx.media.MediaPlayer2.MEDIA_INFO_BUFFERING_START, androidx.media.MediaPlayer2.MEDIA_INFO_BUFFERING_END, androidx.media.MediaPlayer2.MEDIA_INFO_NETWORK_BANDWIDTH, androidx.media.MediaPlayer2.MEDIA_INFO_BUFFERING_UPDATE, androidx.media.MediaPlayer2.MEDIA_INFO_BAD_INTERLEAVING, androidx.media.MediaPlayer2.MEDIA_INFO_NOT_SEEKABLE, androidx.media.MediaPlayer2.MEDIA_INFO_METADATA_UPDATE, androidx.media.MediaPlayer2.MEDIA_INFO_EXTERNAL_METADATA_UPDATE, androidx.media.MediaPlayer2.MEDIA_INFO_AUDIO_NOT_PLAYING, androidx.media.MediaPlayer2.MEDIA_INFO_VIDEO_NOT_PLAYING, androidx.media.MediaPlayer2.MEDIA_INFO_TIMED_TEXT_ERROR, androidx.media.MediaPlayer2.MEDIA_INFO_UNSUPPORTED_SUBTITLE, androidx.media.MediaPlayer2.MEDIA_INFO_SUBTITLE_TIMED_OUT}" />
    </annotation>
  </item>
  <item name="android.support.v4.media.MediaPlayer2.MediaPlayer2State">
    <annotation name="android.support.annotation.IntDef">
      <val name="flag" val="false" />
      <val name="value" val="{androidx.media.MediaPlayer2.MEDIAPLAYER2_STATE_IDLE, androidx.media.MediaPlayer2.MEDIAPLAYER2_STATE_PREPARED, androidx.media.MediaPlayer2.MEDIAPLAYER2_STATE_PAUSED, androidx.media.MediaPlayer2.MEDIAPLAYER2_STATE_PLAYING, androidx.media.MediaPlayer2.MEDIAPLAYER2_STATE_ERROR}" />
    </annotation>
  </item>
  <item name="android.support.v4.media.MediaPlayer2.PrepareDrmStatusCode">
    <annotation name="android.support.annotation.IntDef">
      <val name="flag" val="false" />
      <val name="value" val="{androidx.media.MediaPlayer2.PREPARE_DRM_STATUS_SUCCESS, androidx.media.MediaPlayer2.PREPARE_DRM_STATUS_PROVISIONING_NETWORK_ERROR, androidx.media.MediaPlayer2.PREPARE_DRM_STATUS_PROVISIONING_SERVER_ERROR, androidx.media.MediaPlayer2.PREPARE_DRM_STATUS_PREPARATION_ERROR}" />
    </annotation>
  </item>
  <item name="android.support.v4.media.MediaPlayer2.SeekMode">
    <annotation name="android.support.annotation.IntDef">
      <val name="flag" val="false" />
      <val name="value" val="{androidx.media.MediaPlayer2.SEEK_PREVIOUS_SYNC, androidx.media.MediaPlayer2.SEEK_NEXT_SYNC, androidx.media.MediaPlayer2.SEEK_CLOSEST_SYNC, androidx.media.MediaPlayer2.SEEK_CLOSEST}" />
    </annotation>
  </item>
  <item name="androidx.media.MediaPlayer2Impl int getBufferingState()">
    <annotation name="android.support.annotation.IntDef">
      <val name="value" val="{androidx.media.BaseMediaPlayer.BUFFERING_STATE_UNKNOWN, androidx.media.BaseMediaPlayer.BUFFERING_STATE_BUFFERING_AND_PLAYABLE, androidx.media.BaseMediaPlayer.BUFFERING_STATE_BUFFERING_AND_STARVED, androidx.media.BaseMediaPlayer.BUFFERING_STATE_BUFFERING_COMPLETE}" />
    </annotation>
  </item>
  <item name="androidx.media.MediaPlayer2Impl int getPlayerState()">
    <annotation name="android.support.annotation.IntDef">
      <val name="value" val="{androidx.media.BaseMediaPlayer.PLAYER_STATE_IDLE, androidx.media.BaseMediaPlayer.PLAYER_STATE_PAUSED, androidx.media.BaseMediaPlayer.PLAYER_STATE_PLAYING, androidx.media.BaseMediaPlayer.PLAYER_STATE_ERROR}" />
    </annotation>
  </item>
  <item name="androidx.media.MediaPlayer2Impl int getState()">
    <annotation name="android.support.annotation.IntDef">
      <val name="flag" val="false" />
      <val name="value" val="{androidx.media.MediaPlayer2.MEDIAPLAYER2_STATE_IDLE, androidx.media.MediaPlayer2.MEDIAPLAYER2_STATE_PREPARED, androidx.media.MediaPlayer2.MEDIAPLAYER2_STATE_PAUSED, androidx.media.MediaPlayer2.MEDIAPLAYER2_STATE_PLAYING, androidx.media.MediaPlayer2.MEDIAPLAYER2_STATE_ERROR}" />
    </annotation>
  </item>
  <item name="androidx.media.MediaPlayer2Impl void seekTo(long, int) 1">
    <annotation name="android.support.annotation.IntDef">
      <val name="flag" val="false" />
      <val name="value" val="{androidx.media.MediaPlayer2.SEEK_PREVIOUS_SYNC, androidx.media.MediaPlayer2.SEEK_NEXT_SYNC, androidx.media.MediaPlayer2.SEEK_CLOSEST_SYNC, androidx.media.MediaPlayer2.SEEK_CLOSEST}" />
    </annotation>
  </item>
  <item name="androidx.media.MediaPlayer2Impl.MediaPlayerSource mBufferingState">
    <annotation name="android.support.annotation.IntDef">
      <val name="value" val="{androidx.media.BaseMediaPlayer.BUFFERING_STATE_UNKNOWN, androidx.media.BaseMediaPlayer.BUFFERING_STATE_BUFFERING_AND_PLAYABLE, androidx.media.BaseMediaPlayer.BUFFERING_STATE_BUFFERING_AND_STARVED, androidx.media.BaseMediaPlayer.BUFFERING_STATE_BUFFERING_COMPLETE}" />
    </annotation>
  </item>
  <item name="androidx.media.MediaPlayer2Impl.MediaPlayerSource mMp2State">
    <annotation name="android.support.annotation.IntDef">
      <val name="flag" val="false" />
      <val name="value" val="{androidx.media.MediaPlayer2.MEDIAPLAYER2_STATE_IDLE, androidx.media.MediaPlayer2.MEDIAPLAYER2_STATE_PREPARED, androidx.media.MediaPlayer2.MEDIAPLAYER2_STATE_PAUSED, androidx.media.MediaPlayer2.MEDIAPLAYER2_STATE_PLAYING, androidx.media.MediaPlayer2.MEDIAPLAYER2_STATE_ERROR}" />
    </annotation>
  </item>
  <item name="androidx.media.MediaPlayer2Impl.MediaPlayerSource mPlayerState">
    <annotation name="android.support.annotation.IntDef">
      <val name="value" val="{androidx.media.BaseMediaPlayer.PLAYER_STATE_IDLE, androidx.media.BaseMediaPlayer.PLAYER_STATE_PAUSED, androidx.media.BaseMediaPlayer.PLAYER_STATE_PLAYING, androidx.media.BaseMediaPlayer.PLAYER_STATE_ERROR}" />
    </annotation>
  </item>
  <item name="androidx.media.MediaPlayer2Impl.MediaPlayerSourceQueue int getBufferingState()">
    <annotation name="android.support.annotation.IntDef">
      <val name="value" val="{androidx.media.BaseMediaPlayer.BUFFERING_STATE_UNKNOWN, androidx.media.BaseMediaPlayer.BUFFERING_STATE_BUFFERING_AND_PLAYABLE, androidx.media.BaseMediaPlayer.BUFFERING_STATE_BUFFERING_AND_STARVED, androidx.media.BaseMediaPlayer.BUFFERING_STATE_BUFFERING_COMPLETE}" />
    </annotation>
  </item>
  <item name="androidx.media.MediaPlayer2Impl.MediaPlayerSourceQueue int getMediaPlayer2State()">
    <annotation name="android.support.annotation.IntDef">
      <val name="flag" val="false" />
      <val name="value" val="{androidx.media.MediaPlayer2.MEDIAPLAYER2_STATE_IDLE, androidx.media.MediaPlayer2.MEDIAPLAYER2_STATE_PREPARED, androidx.media.MediaPlayer2.MEDIAPLAYER2_STATE_PAUSED, androidx.media.MediaPlayer2.MEDIAPLAYER2_STATE_PLAYING, androidx.media.MediaPlayer2.MEDIAPLAYER2_STATE_ERROR}" />
    </annotation>
  </item>
  <item name="androidx.media.MediaPlayer2Impl.MediaPlayerSourceQueue int getPlayerState()">
    <annotation name="android.support.annotation.IntDef">
      <val name="value" val="{androidx.media.BaseMediaPlayer.PLAYER_STATE_IDLE, androidx.media.BaseMediaPlayer.PLAYER_STATE_PAUSED, androidx.media.BaseMediaPlayer.PLAYER_STATE_PLAYING, androidx.media.BaseMediaPlayer.PLAYER_STATE_ERROR}" />
    </annotation>
  </item>
  <item name="androidx.media.MediaPlayer2Impl.MediaPlayerSourceQueue void setBufferingState(android.media.MediaPlayer, int) 1">
    <annotation name="android.support.annotation.IntDef">
      <val name="value" val="{androidx.media.BaseMediaPlayer.BUFFERING_STATE_UNKNOWN, androidx.media.BaseMediaPlayer.BUFFERING_STATE_BUFFERING_AND_PLAYABLE, androidx.media.BaseMediaPlayer.BUFFERING_STATE_BUFFERING_AND_STARVED, androidx.media.BaseMediaPlayer.BUFFERING_STATE_BUFFERING_COMPLETE}" />
    </annotation>
  </item>
  <item name="androidx.media.MediaPlayer2Impl.MediaPlayerSourceQueue void setMp2State(android.media.MediaPlayer, int) 1">
    <annotation name="android.support.annotation.IntDef">
      <val name="flag" val="false" />
      <val name="value" val="{androidx.media.MediaPlayer2.MEDIAPLAYER2_STATE_IDLE, androidx.media.MediaPlayer2.MEDIAPLAYER2_STATE_PREPARED, androidx.media.MediaPlayer2.MEDIAPLAYER2_STATE_PAUSED, androidx.media.MediaPlayer2.MEDIAPLAYER2_STATE_PLAYING, androidx.media.MediaPlayer2.MEDIAPLAYER2_STATE_ERROR}" />
    </annotation>
  </item>
  <item name="androidx.media.MediaPlaylistAgent int getRepeatMode()">
    <annotation name="android.support.annotation.IntDef">
      <val name="value" val="{androidx.media.MediaPlaylistAgent.REPEAT_MODE_NONE, androidx.media.MediaPlaylistAgent.REPEAT_MODE_ONE, androidx.media.MediaPlaylistAgent.REPEAT_MODE_ALL, androidx.media.MediaPlaylistAgent.REPEAT_MODE_GROUP}" />
    </annotation>
  </item>
  <item name="androidx.media.MediaPlaylistAgent int getShuffleMode()">
    <annotation name="android.support.annotation.IntDef">
      <val name="value" val="{androidx.media.MediaPlaylistAgent.SHUFFLE_MODE_NONE, androidx.media.MediaPlaylistAgent.SHUFFLE_MODE_ALL, androidx.media.MediaPlaylistAgent.SHUFFLE_MODE_GROUP}" />
    </annotation>
  </item>
  <item name="androidx.media.MediaPlaylistAgent void setRepeatMode(int) 0">
    <annotation name="android.support.annotation.IntDef">
      <val name="value" val="{androidx.media.MediaPlaylistAgent.REPEAT_MODE_NONE, androidx.media.MediaPlaylistAgent.REPEAT_MODE_ONE, androidx.media.MediaPlaylistAgent.REPEAT_MODE_ALL, androidx.media.MediaPlaylistAgent.REPEAT_MODE_GROUP}" />
    </annotation>
  </item>
  <item name="androidx.media.MediaPlaylistAgent void setShuffleMode(int) 0">
    <annotation name="android.support.annotation.IntDef">
      <val name="value" val="{androidx.media.MediaPlaylistAgent.SHUFFLE_MODE_NONE, androidx.media.MediaPlaylistAgent.SHUFFLE_MODE_ALL, androidx.media.MediaPlaylistAgent.SHUFFLE_MODE_GROUP}" />
    </annotation>
  </item>
  <item name="androidx.media.MediaPlaylistAgent.PlaylistEventCallback void onRepeatModeChanged(androidx.media.MediaPlaylistAgent, int) 1">
    <annotation name="android.support.annotation.IntDef">
      <val name="value" val="{androidx.media.MediaPlaylistAgent.REPEAT_MODE_NONE, androidx.media.MediaPlaylistAgent.REPEAT_MODE_ONE, androidx.media.MediaPlaylistAgent.REPEAT_MODE_ALL, androidx.media.MediaPlaylistAgent.REPEAT_MODE_GROUP}" />
    </annotation>
  </item>
  <item name="androidx.media.MediaPlaylistAgent.PlaylistEventCallback void onShuffleModeChanged(androidx.media.MediaPlaylistAgent, int) 1">
    <annotation name="android.support.annotation.IntDef">
      <val name="value" val="{androidx.media.MediaPlaylistAgent.SHUFFLE_MODE_NONE, androidx.media.MediaPlaylistAgent.SHUFFLE_MODE_ALL, androidx.media.MediaPlaylistAgent.SHUFFLE_MODE_GROUP}" />
    </annotation>
  </item>
  <item name="android.support.v4.media.MediaPlaylistAgent.RepeatMode">
    <annotation name="android.support.annotation.IntDef">
      <val name="value" val="{androidx.media.MediaPlaylistAgent.REPEAT_MODE_NONE, androidx.media.MediaPlaylistAgent.REPEAT_MODE_ONE, androidx.media.MediaPlaylistAgent.REPEAT_MODE_ALL, androidx.media.MediaPlaylistAgent.REPEAT_MODE_GROUP}" />
    </annotation>
  </item>
  <item name="android.support.v4.media.MediaPlaylistAgent.ShuffleMode">
    <annotation name="android.support.annotation.IntDef">
      <val name="value" val="{androidx.media.MediaPlaylistAgent.SHUFFLE_MODE_NONE, androidx.media.MediaPlaylistAgent.SHUFFLE_MODE_ALL, androidx.media.MediaPlaylistAgent.SHUFFLE_MODE_GROUP}" />
    </annotation>
  </item>
  <item name="androidx.media.MediaSession2 int getBufferingState()">
    <annotation name="android.support.annotation.IntDef">
      <val name="value" val="{androidx.media.BaseMediaPlayer.BUFFERING_STATE_UNKNOWN, androidx.media.BaseMediaPlayer.BUFFERING_STATE_BUFFERING_AND_PLAYABLE, androidx.media.BaseMediaPlayer.BUFFERING_STATE_BUFFERING_AND_STARVED, androidx.media.BaseMediaPlayer.BUFFERING_STATE_BUFFERING_COMPLETE}" />
    </annotation>
  </item>
  <item name="androidx.media.MediaSession2 int getPlayerState()">
    <annotation name="android.support.annotation.IntDef">
      <val name="value" val="{androidx.media.BaseMediaPlayer.PLAYER_STATE_IDLE, androidx.media.BaseMediaPlayer.PLAYER_STATE_PAUSED, androidx.media.BaseMediaPlayer.PLAYER_STATE_PLAYING, androidx.media.BaseMediaPlayer.PLAYER_STATE_ERROR}" />
    </annotation>
  </item>
  <item name="androidx.media.MediaSession2 int getRepeatMode()">
    <annotation name="android.support.annotation.IntDef">
      <val name="value" val="{androidx.media.MediaPlaylistAgent.REPEAT_MODE_NONE, androidx.media.MediaPlaylistAgent.REPEAT_MODE_ONE, androidx.media.MediaPlaylistAgent.REPEAT_MODE_ALL, androidx.media.MediaPlaylistAgent.REPEAT_MODE_GROUP}" />
    </annotation>
  </item>
  <item name="androidx.media.MediaSession2 int getShuffleMode()">
    <annotation name="android.support.annotation.IntDef">
      <val name="value" val="{androidx.media.MediaPlaylistAgent.SHUFFLE_MODE_NONE, androidx.media.MediaPlaylistAgent.SHUFFLE_MODE_ALL, androidx.media.MediaPlaylistAgent.SHUFFLE_MODE_GROUP}" />
    </annotation>
  </item>
  <item name="androidx.media.MediaSession2 void notifyError(int, android.os.Bundle) 0">
    <annotation name="android.support.annotation.IntDef">
      <val name="value" val="{androidx.media.MediaSession2.ERROR_CODE_UNKNOWN_ERROR, androidx.media.MediaSession2.ERROR_CODE_APP_ERROR, androidx.media.MediaSession2.ERROR_CODE_NOT_SUPPORTED, androidx.media.MediaSession2.ERROR_CODE_AUTHENTICATION_EXPIRED, androidx.media.MediaSession2.ERROR_CODE_PREMIUM_ACCOUNT_REQUIRED, androidx.media.MediaSession2.ERROR_CODE_CONCURRENT_STREAM_LIMIT, androidx.media.MediaSession2.ERROR_CODE_PARENTAL_CONTROL_RESTRICTED, androidx.media.MediaSession2.ERROR_CODE_NOT_AVAILABLE_IN_REGION, androidx.media.MediaSession2.ERROR_CODE_CONTENT_ALREADY_PLAYING, androidx.media.MediaSession2.ERROR_CODE_SKIP_LIMIT_REACHED, androidx.media.MediaSession2.ERROR_CODE_ACTION_ABORTED, androidx.media.MediaSession2.ERROR_CODE_END_OF_QUEUE, androidx.media.MediaSession2.ERROR_CODE_SETUP_REQUIRED}" />
    </annotation>
  </item>
  <item name="androidx.media.MediaSession2 void setRepeatMode(int) 0">
    <annotation name="android.support.annotation.IntDef">
      <val name="value" val="{androidx.media.MediaPlaylistAgent.REPEAT_MODE_NONE, androidx.media.MediaPlaylistAgent.REPEAT_MODE_ONE, androidx.media.MediaPlaylistAgent.REPEAT_MODE_ALL, androidx.media.MediaPlaylistAgent.REPEAT_MODE_GROUP}" />
    </annotation>
  </item>
  <item name="androidx.media.MediaSession2 void setShuffleMode(int) 0">
    <annotation name="android.support.annotation.IntDef">
      <val name="value" val="{androidx.media.MediaPlaylistAgent.SHUFFLE_MODE_NONE, androidx.media.MediaPlaylistAgent.SHUFFLE_MODE_ALL, androidx.media.MediaPlaylistAgent.SHUFFLE_MODE_GROUP}" />
    </annotation>
  </item>
  <item name="androidx.media.MediaSession2.ControllerCb void onBufferingStateChanged(androidx.media.MediaItem2, int, long) 1">
    <annotation name="android.support.annotation.IntDef">
      <val name="value" val="{androidx.media.BaseMediaPlayer.BUFFERING_STATE_UNKNOWN, androidx.media.BaseMediaPlayer.BUFFERING_STATE_BUFFERING_AND_PLAYABLE, androidx.media.BaseMediaPlayer.BUFFERING_STATE_BUFFERING_AND_STARVED, androidx.media.BaseMediaPlayer.BUFFERING_STATE_BUFFERING_COMPLETE}" />
    </annotation>
  </item>
  <item name="androidx.media.MediaSession2.ControllerCb void onError(int, android.os.Bundle) 0">
    <annotation name="android.support.annotation.IntDef">
      <val name="value" val="{androidx.media.MediaSession2.ERROR_CODE_UNKNOWN_ERROR, androidx.media.MediaSession2.ERROR_CODE_APP_ERROR, androidx.media.MediaSession2.ERROR_CODE_NOT_SUPPORTED, androidx.media.MediaSession2.ERROR_CODE_AUTHENTICATION_EXPIRED, androidx.media.MediaSession2.ERROR_CODE_PREMIUM_ACCOUNT_REQUIRED, androidx.media.MediaSession2.ERROR_CODE_CONCURRENT_STREAM_LIMIT, androidx.media.MediaSession2.ERROR_CODE_PARENTAL_CONTROL_RESTRICTED, androidx.media.MediaSession2.ERROR_CODE_NOT_AVAILABLE_IN_REGION, androidx.media.MediaSession2.ERROR_CODE_CONTENT_ALREADY_PLAYING, androidx.media.MediaSession2.ERROR_CODE_SKIP_LIMIT_REACHED, androidx.media.MediaSession2.ERROR_CODE_ACTION_ABORTED, androidx.media.MediaSession2.ERROR_CODE_END_OF_QUEUE, androidx.media.MediaSession2.ERROR_CODE_SETUP_REQUIRED}" />
    </annotation>
  </item>
  <item name="androidx.media.MediaSession2.ControllerCb void onRepeatModeChanged(int) 0">
    <annotation name="android.support.annotation.IntDef">
      <val name="value" val="{androidx.media.MediaPlaylistAgent.REPEAT_MODE_NONE, androidx.media.MediaPlaylistAgent.REPEAT_MODE_ONE, androidx.media.MediaPlaylistAgent.REPEAT_MODE_ALL, androidx.media.MediaPlaylistAgent.REPEAT_MODE_GROUP}" />
    </annotation>
  </item>
  <item name="androidx.media.MediaSession2.ControllerCb void onShuffleModeChanged(int) 0">
    <annotation name="android.support.annotation.IntDef">
      <val name="value" val="{androidx.media.MediaPlaylistAgent.SHUFFLE_MODE_NONE, androidx.media.MediaPlaylistAgent.SHUFFLE_MODE_ALL, androidx.media.MediaPlaylistAgent.SHUFFLE_MODE_GROUP}" />
    </annotation>
  </item>
  <item name="android.support.v4.media.MediaSession2.ErrorCode">
    <annotation name="android.support.annotation.IntDef">
      <val name="value" val="{androidx.media.MediaSession2.ERROR_CODE_UNKNOWN_ERROR, androidx.media.MediaSession2.ERROR_CODE_APP_ERROR, androidx.media.MediaSession2.ERROR_CODE_NOT_SUPPORTED, androidx.media.MediaSession2.ERROR_CODE_AUTHENTICATION_EXPIRED, androidx.media.MediaSession2.ERROR_CODE_PREMIUM_ACCOUNT_REQUIRED, androidx.media.MediaSession2.ERROR_CODE_CONCURRENT_STREAM_LIMIT, androidx.media.MediaSession2.ERROR_CODE_PARENTAL_CONTROL_RESTRICTED, androidx.media.MediaSession2.ERROR_CODE_NOT_AVAILABLE_IN_REGION, androidx.media.MediaSession2.ERROR_CODE_CONTENT_ALREADY_PLAYING, androidx.media.MediaSession2.ERROR_CODE_SKIP_LIMIT_REACHED, androidx.media.MediaSession2.ERROR_CODE_ACTION_ABORTED, androidx.media.MediaSession2.ERROR_CODE_END_OF_QUEUE, androidx.media.MediaSession2.ERROR_CODE_SETUP_REQUIRED}" />
    </annotation>
  </item>
  <item name="androidx.media.MediaSession2.SessionCallback void onBufferingStateChanged(androidx.media.MediaSession2, androidx.media.BaseMediaPlayer, androidx.media.MediaItem2, int) 3">
    <annotation name="android.support.annotation.IntDef">
      <val name="value" val="{androidx.media.BaseMediaPlayer.BUFFERING_STATE_UNKNOWN, androidx.media.BaseMediaPlayer.BUFFERING_STATE_BUFFERING_AND_PLAYABLE, androidx.media.BaseMediaPlayer.BUFFERING_STATE_BUFFERING_AND_STARVED, androidx.media.BaseMediaPlayer.BUFFERING_STATE_BUFFERING_COMPLETE}" />
    </annotation>
  </item>
  <item name="androidx.media.MediaSession2.SessionCallback void onPlayerStateChanged(androidx.media.MediaSession2, androidx.media.BaseMediaPlayer, int) 2">
    <annotation name="android.support.annotation.IntDef">
      <val name="value" val="{androidx.media.BaseMediaPlayer.PLAYER_STATE_IDLE, androidx.media.BaseMediaPlayer.PLAYER_STATE_PAUSED, androidx.media.BaseMediaPlayer.PLAYER_STATE_PLAYING, androidx.media.BaseMediaPlayer.PLAYER_STATE_ERROR}" />
    </annotation>
  </item>
  <item name="androidx.media.MediaSession2.SessionCallback void onRepeatModeChanged(androidx.media.MediaSession2, androidx.media.MediaPlaylistAgent, int) 2">
    <annotation name="android.support.annotation.IntDef">
      <val name="value" val="{androidx.media.MediaPlaylistAgent.REPEAT_MODE_NONE, androidx.media.MediaPlaylistAgent.REPEAT_MODE_ONE, androidx.media.MediaPlaylistAgent.REPEAT_MODE_ALL, androidx.media.MediaPlaylistAgent.REPEAT_MODE_GROUP}" />
    </annotation>
  </item>
  <item name="androidx.media.MediaSession2.SessionCallback void onShuffleModeChanged(androidx.media.MediaSession2, androidx.media.MediaPlaylistAgent, int) 2">
    <annotation name="android.support.annotation.IntDef">
      <val name="value" val="{androidx.media.MediaPlaylistAgent.SHUFFLE_MODE_NONE, androidx.media.MediaPlaylistAgent.SHUFFLE_MODE_ALL, androidx.media.MediaPlaylistAgent.SHUFFLE_MODE_GROUP}" />
    </annotation>
  </item>
  <item name="androidx.media.MediaSession2ImplBase int getBufferingState()">
    <annotation name="android.support.annotation.IntDef">
      <val name="value" val="{androidx.media.BaseMediaPlayer.BUFFERING_STATE_UNKNOWN, androidx.media.BaseMediaPlayer.BUFFERING_STATE_BUFFERING_AND_PLAYABLE, androidx.media.BaseMediaPlayer.BUFFERING_STATE_BUFFERING_AND_STARVED, androidx.media.BaseMediaPlayer.BUFFERING_STATE_BUFFERING_COMPLETE}" />
    </annotation>
  </item>
  <item name="androidx.media.MediaSession2ImplBase int getPlayerState()">
    <annotation name="android.support.annotation.IntDef">
      <val name="value" val="{androidx.media.BaseMediaPlayer.PLAYER_STATE_IDLE, androidx.media.BaseMediaPlayer.PLAYER_STATE_PAUSED, androidx.media.BaseMediaPlayer.PLAYER_STATE_PLAYING, androidx.media.BaseMediaPlayer.PLAYER_STATE_ERROR}" />
    </annotation>
  </item>
  <item name="androidx.media.MediaSession2ImplBase int getRepeatMode()">
    <annotation name="android.support.annotation.IntDef">
      <val name="value" val="{androidx.media.MediaPlaylistAgent.REPEAT_MODE_NONE, androidx.media.MediaPlaylistAgent.REPEAT_MODE_ONE, androidx.media.MediaPlaylistAgent.REPEAT_MODE_ALL, androidx.media.MediaPlaylistAgent.REPEAT_MODE_GROUP}" />
    </annotation>
  </item>
  <item name="androidx.media.MediaSession2ImplBase int getShuffleMode()">
    <annotation name="android.support.annotation.IntDef">
      <val name="value" val="{androidx.media.MediaPlaylistAgent.SHUFFLE_MODE_NONE, androidx.media.MediaPlaylistAgent.SHUFFLE_MODE_ALL, androidx.media.MediaPlaylistAgent.SHUFFLE_MODE_GROUP}" />
    </annotation>
  </item>
  <item name="androidx.media.MediaSession2ImplBase void notifyError(int, android.os.Bundle) 0">
    <annotation name="android.support.annotation.IntDef">
      <val name="value" val="{androidx.media.MediaSession2.ERROR_CODE_UNKNOWN_ERROR, androidx.media.MediaSession2.ERROR_CODE_APP_ERROR, androidx.media.MediaSession2.ERROR_CODE_NOT_SUPPORTED, androidx.media.MediaSession2.ERROR_CODE_AUTHENTICATION_EXPIRED, androidx.media.MediaSession2.ERROR_CODE_PREMIUM_ACCOUNT_REQUIRED, androidx.media.MediaSession2.ERROR_CODE_CONCURRENT_STREAM_LIMIT, androidx.media.MediaSession2.ERROR_CODE_PARENTAL_CONTROL_RESTRICTED, androidx.media.MediaSession2.ERROR_CODE_NOT_AVAILABLE_IN_REGION, androidx.media.MediaSession2.ERROR_CODE_CONTENT_ALREADY_PLAYING, androidx.media.MediaSession2.ERROR_CODE_SKIP_LIMIT_REACHED, androidx.media.MediaSession2.ERROR_CODE_ACTION_ABORTED, androidx.media.MediaSession2.ERROR_CODE_END_OF_QUEUE, androidx.media.MediaSession2.ERROR_CODE_SETUP_REQUIRED}" />
    </annotation>
  </item>
  <item name="androidx.media.MediaSession2ImplBase void setRepeatMode(int) 0">
    <annotation name="android.support.annotation.IntDef">
      <val name="value" val="{androidx.media.MediaPlaylistAgent.REPEAT_MODE_NONE, androidx.media.MediaPlaylistAgent.REPEAT_MODE_ONE, androidx.media.MediaPlaylistAgent.REPEAT_MODE_ALL, androidx.media.MediaPlaylistAgent.REPEAT_MODE_GROUP}" />
    </annotation>
  </item>
  <item name="androidx.media.PlaybackParams2 java.lang.Integer getAudioFallbackMode()">
    <annotation name="android.support.annotation.IntDef">
      <val name="value" val="{androidx.media.PlaybackParams2.AUDIO_FALLBACK_MODE_DEFAULT, androidx.media.PlaybackParams2.AUDIO_FALLBACK_MODE_MUTE, androidx.media.PlaybackParams2.AUDIO_FALLBACK_MODE_FAIL}" />
    </annotation>
  </item>
  <item name="android.support.v4.media.PlaybackParams2.AudioFallbackMode">
    <annotation name="android.support.annotation.IntDef">
      <val name="value" val="{androidx.media.PlaybackParams2.AUDIO_FALLBACK_MODE_DEFAULT, androidx.media.PlaybackParams2.AUDIO_FALLBACK_MODE_MUTE, androidx.media.PlaybackParams2.AUDIO_FALLBACK_MODE_FAIL}" />
    </annotation>
  </item>
  <item name="androidx.media.PlaybackParams2.Builder androidx.media.PlaybackParams2.Builder setAudioFallbackMode(int) 0">
    <annotation name="android.support.annotation.IntDef">
      <val name="value" val="{androidx.media.PlaybackParams2.AUDIO_FALLBACK_MODE_DEFAULT, androidx.media.PlaybackParams2.AUDIO_FALLBACK_MODE_MUTE, androidx.media.PlaybackParams2.AUDIO_FALLBACK_MODE_FAIL}" />
    </annotation>
  </item>
  <item name="androidx.media.Rating2 Rating2(int, float) 0">
    <annotation name="android.support.annotation.IntDef">
      <val name="value" val="{androidx.media.Rating2.RATING_NONE, androidx.media.Rating2.RATING_HEART, androidx.media.Rating2.RATING_THUMB_UP_DOWN, androidx.media.Rating2.RATING_3_STARS, androidx.media.Rating2.RATING_4_STARS, androidx.media.Rating2.RATING_5_STARS, androidx.media.Rating2.RATING_PERCENTAGE}" />
    </annotation>
  </item>
  <item name="androidx.media.Rating2 androidx.media.Rating2 newStarRating(int, float) 0">
    <annotation name="android.support.annotation.IntDef">
      <val name="value" val="{androidx.media.Rating2.RATING_3_STARS, androidx.media.Rating2.RATING_4_STARS, androidx.media.Rating2.RATING_5_STARS}" />
    </annotation>
  </item>
  <item name="androidx.media.Rating2 androidx.media.Rating2 newUnratedRating(int) 0">
    <annotation name="android.support.annotation.IntDef">
      <val name="value" val="{androidx.media.Rating2.RATING_NONE, androidx.media.Rating2.RATING_HEART, androidx.media.Rating2.RATING_THUMB_UP_DOWN, androidx.media.Rating2.RATING_3_STARS, androidx.media.Rating2.RATING_4_STARS, androidx.media.Rating2.RATING_5_STARS, androidx.media.Rating2.RATING_PERCENTAGE}" />
    </annotation>
  </item>
  <item name="androidx.media.Rating2 int getRatingStyle()">
    <annotation name="android.support.annotation.IntDef">
      <val name="value" val="{androidx.media.Rating2.RATING_NONE, androidx.media.Rating2.RATING_HEART, androidx.media.Rating2.RATING_THUMB_UP_DOWN, androidx.media.Rating2.RATING_3_STARS, androidx.media.Rating2.RATING_4_STARS, androidx.media.Rating2.RATING_5_STARS, androidx.media.Rating2.RATING_PERCENTAGE}" />
    </annotation>
  </item>
  <item name="android.support.mediacompat.Rating2.StarStyle">
    <annotation name="android.support.annotation.IntDef">
      <val name="value" val="{androidx.media.Rating2.RATING_3_STARS, androidx.media.Rating2.RATING_4_STARS, androidx.media.Rating2.RATING_5_STARS}" />
    </annotation>
  </item>
  <item name="android.support.mediacompat.Rating2.Style">
    <annotation name="android.support.annotation.IntDef">
      <val name="value" val="{androidx.media.Rating2.RATING_NONE, androidx.media.Rating2.RATING_HEART, androidx.media.Rating2.RATING_THUMB_UP_DOWN, androidx.media.Rating2.RATING_3_STARS, androidx.media.Rating2.RATING_4_STARS, androidx.media.Rating2.RATING_5_STARS, androidx.media.Rating2.RATING_PERCENTAGE}" />
    </annotation>
  </item>
  <item name="androidx.media.SessionToken2 int getType()">
    <annotation name="android.support.annotation.IntDef">
      <val name="value" val="{androidx.media.SessionToken2.TYPE_SESSION, androidx.media.SessionToken2.TYPE_SESSION_SERVICE, androidx.media.SessionToken2.TYPE_LIBRARY_SERVICE}" />
    </annotation>
  </item>
  <item name="androidx.media.SessionToken2.SupportLibraryImpl int getType()">
    <annotation name="android.support.annotation.IntDef">
      <val name="value" val="{androidx.media.SessionToken2.TYPE_SESSION, androidx.media.SessionToken2.TYPE_SESSION_SERVICE, androidx.media.SessionToken2.TYPE_LIBRARY_SERVICE}" />
    </annotation>
  </item>
  <item name="android.support.v4.media.SessionToken2.TokenType">
    <annotation name="android.support.annotation.IntDef">
      <val name="value" val="{androidx.media.SessionToken2.TYPE_SESSION, androidx.media.SessionToken2.TYPE_SESSION_SERVICE, androidx.media.SessionToken2.TYPE_LIBRARY_SERVICE}" />
    </annotation>
  </item>
  <item name="androidx.media.SessionToken2ImplBase int getType()">
    <annotation name="android.support.annotation.IntDef">
      <val name="value" val="{androidx.media.SessionToken2.TYPE_SESSION, androidx.media.SessionToken2.TYPE_SESSION_SERVICE, androidx.media.SessionToken2.TYPE_LIBRARY_SERVICE}" />
    </annotation>
  </item>
  <item name="androidx.media.SessionToken2ImplBase mType">
    <annotation name="android.support.annotation.IntDef">
      <val name="value" val="{androidx.media.SessionToken2.TYPE_SESSION, androidx.media.SessionToken2.TYPE_SESSION_SERVICE, androidx.media.SessionToken2.TYPE_LIBRARY_SERVICE}" />
    </annotation>
  </item>
  <item name="androidx.media.SessionToken2ImplLegacy int getType()">
    <annotation name="android.support.annotation.IntDef">
      <val name="value" val="{androidx.media.SessionToken2.TYPE_SESSION, androidx.media.SessionToken2.TYPE_SESSION_SERVICE, androidx.media.SessionToken2.TYPE_LIBRARY_SERVICE}" />
    </annotation>
  </item>
  <item name="androidx.media.VolumeProviderCompat VolumeProviderCompat(int, int, int) 0">
    <annotation name="android.support.annotation.IntDef">
      <val name="value" val="{androidx.media.VolumeProviderCompat.VOLUME_CONTROL_FIXED, androidx.media.VolumeProviderCompat.VOLUME_CONTROL_RELATIVE, androidx.media.VolumeProviderCompat.VOLUME_CONTROL_ABSOLUTE}" />
    </annotation>
  </item>
  <item name="androidx.media.VolumeProviderCompat int getVolumeControl()">
    <annotation name="android.support.annotation.IntDef">
      <val name="value" val="{androidx.media.VolumeProviderCompat.VOLUME_CONTROL_FIXED, androidx.media.VolumeProviderCompat.VOLUME_CONTROL_RELATIVE, androidx.media.VolumeProviderCompat.VOLUME_CONTROL_ABSOLUTE}" />
    </annotation>
  </item>
  <item name="android.support.v4.media.VolumeProviderCompat.ControlType">
    <annotation name="android.support.annotation.IntDef">
      <val name="value" val="{androidx.media.VolumeProviderCompat.VOLUME_CONTROL_FIXED, androidx.media.VolumeProviderCompat.VOLUME_CONTROL_RELATIVE, androidx.media.VolumeProviderCompat.VOLUME_CONTROL_ABSOLUTE}" />
    </annotation>
  </item>
</root>

