<?xml version="1.0" encoding="UTF-8"?>
<root>
  <item name="androidx.slice.core.SliceAction int getImageMode()">
    <annotation name="androidx.annotation.IntDef">
      <val name="value" val="{androidx.slice.core.SliceHints.LARGE_IMAGE, androidx.slice.core.SliceHints.SMALL_IMAGE, androidx.slice.core.SliceHints.ICON_IMAGE, androidx.slice.core.SliceHints.RAW_IMAGE_SMALL, androidx.slice.core.SliceHints.RAW_IMAGE_LARGE, androidx.slice.core.SliceHints.UNKNOWN_IMAGE, androidx.slice.core.SliceHints.ACTION_WITH_LABEL}" />
    </annotation>
  </item>
  <item name="androidx.slice.core.SliceActionImpl SliceActionImpl(android.app.PendingIntent, androidx.core.graphics.drawable.IconCompat, int, java.lang.CharSequence) 2">
    <annotation name="androidx.annotation.IntDef">
      <val name="value" val="{androidx.slice.core.SliceHints.LARGE_IMAGE, androidx.slice.core.SliceHints.SMALL_IMAGE, androidx.slice.core.SliceHints.ICON_IMAGE, androidx.slice.core.SliceHints.RAW_IMAGE_SMALL, androidx.slice.core.SliceHints.RAW_IMAGE_LARGE, androidx.slice.core.SliceHints.UNKNOWN_IMAGE, androidx.slice.core.SliceHints.ACTION_WITH_LABEL}" />
    </annotation>
  </item>
  <item name="androidx.slice.core.SliceActionImpl int getImageMode()">
    <annotation name="androidx.annotation.IntDef">
      <val name="value" val="{androidx.slice.core.SliceHints.LARGE_IMAGE, androidx.slice.core.SliceHints.SMALL_IMAGE, androidx.slice.core.SliceHints.ICON_IMAGE, androidx.slice.core.SliceHints.RAW_IMAGE_SMALL, androidx.slice.core.SliceHints.RAW_IMAGE_LARGE, androidx.slice.core.SliceHints.UNKNOWN_IMAGE, androidx.slice.core.SliceHints.ACTION_WITH_LABEL}" />
    </annotation>
  </item>
  <item name="androidx.slice.core.SliceHints.ImageMode">
    <annotation name="androidx.annotation.IntDef">
      <val name="value" val="{androidx.slice.core.SliceHints.LARGE_IMAGE, androidx.slice.core.SliceHints.SMALL_IMAGE, androidx.slice.core.SliceHints.ICON_IMAGE, androidx.slice.core.SliceHints.RAW_IMAGE_SMALL, androidx.slice.core.SliceHints.RAW_IMAGE_LARGE, androidx.slice.core.SliceHints.UNKNOWN_IMAGE, androidx.slice.core.SliceHints.ACTION_WITH_LABEL}" />
    </annotation>
  </item>
</root>

