<?xml version="1.0" encoding="UTF-8"?>
<root>
  <item name="android.service.attention.AttentionService.AttentionCallback void onFailure(int) 0">
    <annotation name="androidx.annotation.IntDef">
      <val name="value" val="{android.service.attention.AttentionService.ATTENTION_FAILURE_UNKNOWN, android.service.attention.AttentionService.ATTENTION_FAILURE_CANCELLED, android.service.attention.AttentionService.ATTENTION_FAILURE_PREEMPTED, android.service.attention.AttentionService.ATTENTION_FAILURE_TIMED_OUT, android.service.attention.AttentionService.ATTENTION_FAILURE_CAMERA_PERMISSION_ABSENT}" />
    </annotation>
  </item>
  <item name="android.service.attention.AttentionService.AttentionCallback void onSuccess(int, long) 0">
    <annotation name="androidx.annotation.IntDef">
      <val name="value" val="{android.service.attention.AttentionService.ATTENTION_SUCCESS_ABSENT, android.service.attention.AttentionService.ATTENTION_SUCCESS_PRESENT}" />
    </annotation>
  </item>
</root>

