<?xml version="1.0" encoding="UTF-8"?>
<root>
  <item name="android.companion.AssociationRequest.Builder android.companion.AssociationRequest.Builder setDeviceProfile(java.lang.String) 0">
    <annotation name="androidx.annotation.StringDef">
      <val name="value" val="{android.companion.AssociationRequest.DEVICE_PROFILE_WATCH}" />
    </annotation>
  </item>
  <item name="android.companion.CompanionDeviceManager boolean canPairWithoutPrompt(java.lang.String, java.lang.String, android.os.UserHandle)">
    <annotation name="androidx.annotation.RequiresPermission">
      <val name="value" val="&quot;android.permission.MANAGE_COMPANION_DEVICES&quot;" />
    </annotation>
  </item>
  <item name="android.companion.CompanionDeviceManager boolean isDeviceAssociatedForWifiConnection(java.lang.String, android.net.MacAddress, android.os.UserHandle)">
    <annotation name="androidx.annotation.RequiresPermission">
      <val name="value" val="&quot;android.permission.MANAGE_COMPANION_DEVICES&quot;" />
    </annotation>
  </item>
  <item name="android.companion.CompanionDeviceManager void associate(android.companion.AssociationRequest, android.companion.CompanionDeviceManager.Callback, android.os.Handler)">
    <annotation name="androidx.annotation.RequiresPermission">
      <val name="value" val="&quot;android.permission.REQUEST_COMPANION_PROFILE_WATCH&quot;" />
      <val name="conditional" val="true" />
    </annotation>
  </item>
  <item name="android.companion.CompanionDeviceManager void associate(java.lang.String, android.net.MacAddress, byte[])">
    <annotation name="androidx.annotation.RequiresPermission">
      <val name="value" val="&quot;android.permission.ASSOCIATE_COMPANION_DEVICES&quot;" />
    </annotation>
  </item>
  <item name="android.companion.CompanionDeviceManager void startObservingDevicePresence(java.lang.String)">
    <annotation name="androidx.annotation.RequiresPermission">
      <val name="value" val="&quot;android.permission.REQUEST_OBSERVE_COMPANION_DEVICE_PRESENCE&quot;" />
    </annotation>
  </item>
  <item name="android.companion.CompanionDeviceManager void stopObservingDevicePresence(java.lang.String)">
    <annotation name="androidx.annotation.RequiresPermission">
      <val name="value" val="&quot;android.permission.REQUEST_OBSERVE_COMPANION_DEVICE_PRESENCE&quot;" />
    </annotation>
  </item>
  <item name="android.companion.CompanionDeviceService void onDeviceAppeared(java.lang.String)">
    <annotation name="androidx.annotation.MainThread"/>
  </item>
  <item name="android.companion.CompanionDeviceService void onDeviceDisappeared(java.lang.String)">
    <annotation name="androidx.annotation.MainThread"/>
  </item>
</root>

