<?xml version="1.0" encoding="UTF-8"?>
<root>
  <item name="android.app.StatsManager boolean addConfiguration(long, byte[])">
    <annotation name="androidx.annotation.RequiresPermission">
      <val name="allOf" val="{&quot;android.permission.DUMP&quot;, &quot;android.permission.PACKAGE_USAGE_STATS&quot;}" />
    </annotation>
  </item>
  <item name="android.app.StatsManager boolean removeConfiguration(long)">
    <annotation name="androidx.annotation.RequiresPermission">
      <val name="allOf" val="{&quot;android.permission.DUMP&quot;, &quot;android.permission.PACKAGE_USAGE_STATS&quot;}" />
    </annotation>
  </item>
  <item name="android.app.StatsManager boolean setBroadcastSubscriber(long, long, android.app.PendingIntent)">
    <annotation name="androidx.annotation.RequiresPermission">
      <val name="allOf" val="{&quot;android.permission.DUMP&quot;, &quot;android.permission.PACKAGE_USAGE_STATS&quot;}" />
    </annotation>
  </item>
  <item name="android.app.StatsManager boolean setDataFetchOperation(long, android.app.PendingIntent)">
    <annotation name="androidx.annotation.RequiresPermission">
      <val name="allOf" val="{&quot;android.permission.DUMP&quot;, &quot;android.permission.PACKAGE_USAGE_STATS&quot;}" />
    </annotation>
  </item>
  <item name="android.app.StatsManager byte[] getData(long)">
    <annotation name="androidx.annotation.RequiresPermission">
      <val name="allOf" val="{&quot;android.permission.DUMP&quot;, &quot;android.permission.PACKAGE_USAGE_STATS&quot;}" />
    </annotation>
  </item>
  <item name="android.app.StatsManager byte[] getMetadata()">
    <annotation name="androidx.annotation.RequiresPermission">
      <val name="allOf" val="{&quot;android.permission.DUMP&quot;, &quot;android.permission.PACKAGE_USAGE_STATS&quot;}" />
    </annotation>
  </item>
  <item name="android.app.StatsManager byte[] getReports(long)">
    <annotation name="androidx.annotation.RequiresPermission">
      <val name="allOf" val="{&quot;android.permission.DUMP&quot;, &quot;android.permission.PACKAGE_USAGE_STATS&quot;}" />
    </annotation>
  </item>
  <item name="android.app.StatsManager byte[] getStatsMetadata()">
    <annotation name="androidx.annotation.RequiresPermission">
      <val name="allOf" val="{&quot;android.permission.DUMP&quot;, &quot;android.permission.PACKAGE_USAGE_STATS&quot;}" />
    </annotation>
  </item>
  <item name="android.app.StatsManager long[] getRegisteredExperimentIds()">
    <annotation name="androidx.annotation.RequiresPermission">
      <val name="allOf" val="{&quot;android.permission.DUMP&quot;, &quot;android.permission.PACKAGE_USAGE_STATS&quot;}" />
    </annotation>
  </item>
  <item name="android.app.StatsManager long[] setActiveConfigsChangedOperation(android.app.PendingIntent)">
    <annotation name="androidx.annotation.RequiresPermission">
      <val name="allOf" val="{&quot;android.permission.DUMP&quot;, &quot;android.permission.PACKAGE_USAGE_STATS&quot;}" />
    </annotation>
  </item>
  <item name="android.app.StatsManager void addConfig(long, byte[])">
    <annotation name="androidx.annotation.RequiresPermission">
      <val name="allOf" val="{&quot;android.permission.DUMP&quot;, &quot;android.permission.PACKAGE_USAGE_STATS&quot;}" />
    </annotation>
  </item>
  <item name="android.app.StatsManager void clearPullAtomCallback(int)">
    <annotation name="androidx.annotation.RequiresPermission">
      <val name="value" val="&quot;android.permission.REGISTER_STATS_PULL_ATOM&quot;" />
    </annotation>
  </item>
  <item name="android.app.StatsManager void removeConfig(long)">
    <annotation name="androidx.annotation.RequiresPermission">
      <val name="allOf" val="{&quot;android.permission.DUMP&quot;, &quot;android.permission.PACKAGE_USAGE_STATS&quot;}" />
    </annotation>
  </item>
  <item name="android.app.StatsManager void setBroadcastSubscriber(android.app.PendingIntent, long, long)">
    <annotation name="androidx.annotation.RequiresPermission">
      <val name="allOf" val="{&quot;android.permission.DUMP&quot;, &quot;android.permission.PACKAGE_USAGE_STATS&quot;}" />
    </annotation>
  </item>
  <item name="android.app.StatsManager void setFetchReportsOperation(android.app.PendingIntent, long)">
    <annotation name="androidx.annotation.RequiresPermission">
      <val name="allOf" val="{&quot;android.permission.DUMP&quot;, &quot;android.permission.PACKAGE_USAGE_STATS&quot;}" />
    </annotation>
  </item>
  <item name="android.app.StatsManager void setPullAtomCallback(int, android.app.StatsManager.PullAtomMetadata, java.util.concurrent.Executor, android.app.StatsManager.StatsPullAtomCallback)">
    <annotation name="androidx.annotation.RequiresPermission">
      <val name="value" val="&quot;android.permission.REGISTER_STATS_PULL_ATOM&quot;" />
    </annotation>
  </item>
</root>

