<?xml version="1.0" encoding="UTF-8"?>
<root>
  <item name="android.service.voice.AlwaysOnHotwordDetector android.service.voice.AlwaysOnHotwordDetector.ModelParamRange queryParameter(int)">
    <annotation name="androidx.annotation.RequiresPermission">
      <val name="allOf" val="{&quot;android.permission.RECORD_AUDIO&quot;, &quot;android.permission.CAPTURE_AUDIO_HOTWORD&quot;}" />
    </annotation>
  </item>
  <item name="android.service.voice.AlwaysOnHotwordDetector android.service.voice.AlwaysOnHotwordDetector.ModelParamRange queryParameter(int) 0">
    <annotation name="androidx.annotation.IntDef">
      <val name="flag" val="true" />
      <val name="value" val="{android.service.voice.AlwaysOnHotwordDetector.MODEL_PARAM_THRESHOLD_FACTOR}" />
    </annotation>
  </item>
  <item name="android.service.voice.AlwaysOnHotwordDetector boolean startRecognition()">
    <annotation name="androidx.annotation.RequiresPermission">
      <val name="allOf" val="{&quot;android.permission.RECORD_AUDIO&quot;, &quot;android.permission.CAPTURE_AUDIO_HOTWORD&quot;}" />
    </annotation>
  </item>
  <item name="android.service.voice.AlwaysOnHotwordDetector boolean startRecognition(int)">
    <annotation name="androidx.annotation.RequiresPermission">
      <val name="allOf" val="{&quot;android.permission.RECORD_AUDIO&quot;, &quot;android.permission.CAPTURE_AUDIO_HOTWORD&quot;}" />
    </annotation>
  </item>
  <item name="android.service.voice.AlwaysOnHotwordDetector boolean startRecognition(int) 0">
    <annotation name="androidx.annotation.IntDef">
      <val name="flag" val="true" />
      <val name="value" val="{android.service.voice.AlwaysOnHotwordDetector.RECOGNITION_FLAG_CAPTURE_TRIGGER_AUDIO, android.service.voice.AlwaysOnHotwordDetector.RECOGNITION_FLAG_ALLOW_MULTIPLE_TRIGGERS, android.service.voice.AlwaysOnHotwordDetector.RECOGNITION_FLAG_ENABLE_AUDIO_ECHO_CANCELLATION, android.service.voice.AlwaysOnHotwordDetector.RECOGNITION_FLAG_ENABLE_AUDIO_NOISE_SUPPRESSION, android.service.voice.AlwaysOnHotwordDetector.RECOGNITION_FLAG_RUN_IN_BATTERY_SAVER}" />
    </annotation>
  </item>
  <item name="android.service.voice.AlwaysOnHotwordDetector boolean stopRecognition()">
    <annotation name="androidx.annotation.RequiresPermission">
      <val name="allOf" val="{&quot;android.permission.RECORD_AUDIO&quot;, &quot;android.permission.CAPTURE_AUDIO_HOTWORD&quot;}" />
    </annotation>
  </item>
  <item name="android.service.voice.AlwaysOnHotwordDetector int getParameter(int)">
    <annotation name="androidx.annotation.RequiresPermission">
      <val name="allOf" val="{&quot;android.permission.RECORD_AUDIO&quot;, &quot;android.permission.CAPTURE_AUDIO_HOTWORD&quot;}" />
    </annotation>
  </item>
  <item name="android.service.voice.AlwaysOnHotwordDetector int getParameter(int) 0">
    <annotation name="androidx.annotation.IntDef">
      <val name="flag" val="true" />
      <val name="value" val="{android.service.voice.AlwaysOnHotwordDetector.MODEL_PARAM_THRESHOLD_FACTOR}" />
    </annotation>
  </item>
  <item name="android.service.voice.AlwaysOnHotwordDetector int getSupportedAudioCapabilities()">
    <annotation name="androidx.annotation.IntDef">
      <val name="flag" val="true" />
      <val name="value" val="{android.service.voice.AlwaysOnHotwordDetector.AUDIO_CAPABILITY_ECHO_CANCELLATION, android.service.voice.AlwaysOnHotwordDetector.AUDIO_CAPABILITY_NOISE_SUPPRESSION}" />
    </annotation>
  </item>
  <item name="android.service.voice.AlwaysOnHotwordDetector int getSupportedRecognitionModes()">
    <annotation name="androidx.annotation.IntDef">
      <val name="flag" val="true" />
      <val name="value" val="{android.service.voice.AlwaysOnHotwordDetector.RECOGNITION_MODE_VOICE_TRIGGER, android.service.voice.AlwaysOnHotwordDetector.RECOGNITION_MODE_USER_IDENTIFICATION}" />
    </annotation>
  </item>
  <item name="android.service.voice.AlwaysOnHotwordDetector int setParameter(int, int)">
    <annotation name="androidx.annotation.RequiresPermission">
      <val name="allOf" val="{&quot;android.permission.RECORD_AUDIO&quot;, &quot;android.permission.CAPTURE_AUDIO_HOTWORD&quot;}" />
    </annotation>
  </item>
  <item name="android.service.voice.AlwaysOnHotwordDetector int setParameter(int, int) 0">
    <annotation name="androidx.annotation.IntDef">
      <val name="flag" val="true" />
      <val name="value" val="{android.service.voice.AlwaysOnHotwordDetector.MODEL_PARAM_THRESHOLD_FACTOR}" />
    </annotation>
  </item>
  <item name="android.service.voice.HotwordDetectedResult int getConfidenceLevel()">
    <annotation name="androidx.annotation.IntDef">
      <val name="value" val="{android.service.voice.HotwordDetectedResult.CONFIDENCE_LEVEL_NONE, android.service.voice.HotwordDetectedResult.CONFIDENCE_LEVEL_LOW, android.service.voice.HotwordDetectedResult.CONFIDENCE_LEVEL_LOW_MEDIUM, android.service.voice.HotwordDetectedResult.CONFIDENCE_LEVEL_MEDIUM, android.service.voice.HotwordDetectedResult.CONFIDENCE_LEVEL_MEDIUM_HIGH, android.service.voice.HotwordDetectedResult.CONFIDENCE_LEVEL_HIGH, android.service.voice.HotwordDetectedResult.CONFIDENCE_LEVEL_VERY_HIGH}" />
    </annotation>
  </item>
  <item name="android.service.voice.HotwordDetectedResult.Builder android.service.voice.HotwordDetectedResult.Builder setConfidenceLevel(int) 0">
    <annotation name="androidx.annotation.IntDef">
      <val name="value" val="{android.service.voice.HotwordDetectedResult.CONFIDENCE_LEVEL_NONE, android.service.voice.HotwordDetectedResult.CONFIDENCE_LEVEL_LOW, android.service.voice.HotwordDetectedResult.CONFIDENCE_LEVEL_LOW_MEDIUM, android.service.voice.HotwordDetectedResult.CONFIDENCE_LEVEL_MEDIUM, android.service.voice.HotwordDetectedResult.CONFIDENCE_LEVEL_MEDIUM_HIGH, android.service.voice.HotwordDetectedResult.CONFIDENCE_LEVEL_HIGH, android.service.voice.HotwordDetectedResult.CONFIDENCE_LEVEL_VERY_HIGH}" />
    </annotation>
  </item>
  <item name="android.service.voice.HotwordDetectionService java.lang.Object getSystemService(java.lang.String) 0">
    <annotation name="androidx.annotation.StringDef">
      <val name="value" val="{android.content.Context.POWER_SERVICE, android.content.Context.WINDOW_SERVICE, android.content.Context.LAYOUT_INFLATER_SERVICE, android.content.Context.ACCOUNT_SERVICE, android.content.Context.ACTIVITY_SERVICE, android.content.Context.ALARM_SERVICE, android.content.Context.NOTIFICATION_SERVICE, android.content.Context.ACCESSIBILITY_SERVICE, android.content.Context.CAPTIONING_SERVICE, android.content.Context.KEYGUARD_SERVICE, android.content.Context.LOCATION_SERVICE, android.content.Context.SEARCH_SERVICE, android.content.Context.SENSOR_SERVICE, android.content.Context.STORAGE_SERVICE, android.content.Context.STORAGE_STATS_SERVICE, android.content.Context.WALLPAPER_SERVICE, android.content.Context.VIBRATOR_MANAGER_SERVICE, android.content.Context.VIBRATOR_SERVICE, android.content.Context.CONNECTIVITY_SERVICE, android.content.Context.PAC_PROXY_SERVICE, android.content.Context.IPSEC_SERVICE, android.content.Context.VPN_MANAGEMENT_SERVICE, android.content.Context.TEST_NETWORK_SERVICE, android.content.Context.NETWORK_STATS_SERVICE, android.content.Context.WIFI_SERVICE, android.content.Context.WIFI_AWARE_SERVICE, android.content.Context.WIFI_P2P_SERVICE, android.content.Context.WIFI_SCANNING_SERVICE, android.content.Context.WIFI_RTT_RANGING_SERVICE, android.content.Context.NSD_SERVICE, android.content.Context.AUDIO_SERVICE, android.content.Context.FINGERPRINT_SERVICE, android.content.Context.BIOMETRIC_SERVICE, android.content.Context.MEDIA_ROUTER_SERVICE, android.content.Context.TELEPHONY_SERVICE, android.content.Context.TELEPHONY_SUBSCRIPTION_SERVICE, android.content.Context.CARRIER_CONFIG_SERVICE, android.content.Context.EUICC_SERVICE, android.content.Context.TELECOM_SERVICE, android.content.Context.CLIPBOARD_SERVICE, android.content.Context.INPUT_METHOD_SERVICE, android.content.Context.TEXT_SERVICES_MANAGER_SERVICE, android.content.Context.TEXT_CLASSIFICATION_SERVICE, android.content.Context.APPWIDGET_SERVICE, android.content.Context.REBOOT_READINESS_SERVICE, android.content.Context.ROLLBACK_SERVICE, android.content.Context.DROPBOX_SERVICE, android.content.Context.DEVICE_POLICY_SERVICE, android.content.Context.UI_MODE_SERVICE, android.content.Context.DOWNLOAD_SERVICE, android.content.Context.NFC_SERVICE, android.content.Context.BLUETOOTH_SERVICE, android.content.Context.USB_SERVICE, android.content.Context.LAUNCHER_APPS_SERVICE, android.content.Context.INPUT_SERVICE, android.content.Context.DISPLAY_SERVICE, android.content.Context.USER_SERVICE, android.content.Context.RESTRICTIONS_SERVICE, android.content.Context.APP_OPS_SERVICE, android.content.Context.ROLE_SERVICE, android.content.Context.CAMERA_SERVICE, android.content.Context.PRINT_SERVICE, android.content.Context.CONSUMER_IR_SERVICE, android.content.Context.TV_INPUT_SERVICE, android.content.Context.USAGE_STATS_SERVICE, android.content.Context.MEDIA_SESSION_SERVICE, android.content.Context.MEDIA_COMMUNICATION_SERVICE, android.content.Context.BATTERY_SERVICE, android.content.Context.JOB_SCHEDULER_SERVICE, android.content.Context.MEDIA_PROJECTION_SERVICE, android.content.Context.MIDI_SERVICE, android.content.Context.HARDWARE_PROPERTIES_SERVICE, android.content.Context.SHORTCUT_SERVICE, android.content.Context.SYSTEM_HEALTH_SERVICE, android.content.Context.COMPANION_DEVICE_SERVICE, android.content.Context.CROSS_PROFILE_APPS_SERVICE, android.content.Context.PERMISSION_SERVICE, android.content.Context.MEDIA_METRICS_SERVICE}" />
    </annotation>
  </item>
  <item name="android.service.voice.HotwordDetector boolean startRecognition()">
    <annotation name="androidx.annotation.RequiresPermission">
      <val name="allOf" val="{&quot;android.permission.RECORD_AUDIO&quot;, &quot;android.permission.CAPTURE_AUDIO_HOTWORD&quot;}" />
    </annotation>
  </item>
  <item name="android.service.voice.HotwordRejectedResult int getConfidenceLevel()">
    <annotation name="androidx.annotation.IntDef">
      <val name="value" val="{android.service.voice.HotwordRejectedResult.CONFIDENCE_LEVEL_NONE, android.service.voice.HotwordRejectedResult.CONFIDENCE_LEVEL_LOW, android.service.voice.HotwordRejectedResult.CONFIDENCE_LEVEL_MEDIUM, android.service.voice.HotwordRejectedResult.CONFIDENCE_LEVEL_HIGH}" />
    </annotation>
  </item>
  <item name="android.service.voice.HotwordRejectedResult.Builder android.service.voice.HotwordRejectedResult.Builder setConfidenceLevel(int) 0">
    <annotation name="androidx.annotation.IntDef">
      <val name="value" val="{android.service.voice.HotwordRejectedResult.CONFIDENCE_LEVEL_NONE, android.service.voice.HotwordRejectedResult.CONFIDENCE_LEVEL_LOW, android.service.voice.HotwordRejectedResult.CONFIDENCE_LEVEL_MEDIUM, android.service.voice.HotwordRejectedResult.CONFIDENCE_LEVEL_HIGH}" />
    </annotation>
  </item>
  <item name="android.service.voice.VoiceInteractionService android.media.voice.KeyphraseModelManager createKeyphraseModelManager()">
    <annotation name="androidx.annotation.RequiresPermission">
      <val name="value" val="&quot;android.permission.MANAGE_VOICE_KEYPHRASES&quot;" />
    </annotation>
  </item>
  <item name="android.service.voice.VoiceInteractionService android.service.voice.AlwaysOnHotwordDetector createAlwaysOnHotwordDetector(java.lang.String, java.util.Locale, android.os.PersistableBundle, android.os.SharedMemory, android.service.voice.AlwaysOnHotwordDetector.Callback)">
    <annotation name="androidx.annotation.RequiresPermission">
      <val name="value" val="&quot;android.permission.MANAGE_HOTWORD_DETECTION&quot;" />
    </annotation>
  </item>
  <item name="android.service.voice.VoiceInteractionService android.service.voice.HotwordDetector createHotwordDetector(android.os.PersistableBundle, android.os.SharedMemory, android.service.voice.HotwordDetector.Callback)">
    <annotation name="androidx.annotation.RequiresPermission">
      <val name="value" val="&quot;android.permission.MANAGE_HOTWORD_DETECTION&quot;" />
    </annotation>
  </item>
  <item name="android.service.voice.VoiceInteractionSession.AssistState int getCount()">
    <annotation name="androidx.annotation.IntRange">
      <val name="from" val="0" />
    </annotation>
  </item>
  <item name="android.service.voice.VoiceInteractionSession.AssistState int getIndex()">
    <annotation name="androidx.annotation.IntRange">
      <val name="from" val="-1" />
    </annotation>
  </item>
</root>

