<?xml version="1.0" encoding="UTF-8"?>
<root>
  <item name="android.security.FileIntegrityManager boolean isAppSourceCertificateTrusted(java.security.cert.X509Certificate)">
    <annotation name="androidx.annotation.RequiresPermission">
      <val name="anyOf" val="{&quot;android.permission.INSTALL_PACKAGES&quot;, &quot;android.permission.REQUEST_INSTALL_PACKAGES&quot;}" />
    </annotation>
  </item>
  <item name="android.security.KeyChain android.security.AppUriAuthenticationPolicy getCredentialManagementAppPolicy(android.content.Context)">
    <annotation name="androidx.annotation.WorkerThread"/>
  </item>
  <item name="android.security.KeyChain boolean hasWifiKeyGrantAsUser(android.content.Context, android.os.UserHandle, java.lang.String)">
    <annotation name="androidx.annotation.WorkerThread"/>
  </item>
  <item name="android.security.KeyChain boolean isBoundKeyAlgorithm(java.lang.String) 0">
    <annotation name="androidx.annotation.StringDef">
      <val name="value" val="{android.security.keystore.KeyProperties.KEY_ALGORITHM_RSA, android.security.keystore.KeyProperties.KEY_ALGORITHM_EC, android.security.keystore.KeyProperties.KEY_ALGORITHM_AES, android.security.keystore.KeyProperties.KEY_ALGORITHM_HMAC_SHA1, android.security.keystore.KeyProperties.KEY_ALGORITHM_HMAC_SHA224, android.security.keystore.KeyProperties.KEY_ALGORITHM_HMAC_SHA256, android.security.keystore.KeyProperties.KEY_ALGORITHM_HMAC_SHA384, android.security.keystore.KeyProperties.KEY_ALGORITHM_HMAC_SHA512}" />
    </annotation>
  </item>
  <item name="android.security.KeyChain boolean isCredentialManagementApp(android.content.Context)">
    <annotation name="androidx.annotation.WorkerThread"/>
  </item>
  <item name="android.security.KeyChain boolean isKeyAlgorithmSupported(java.lang.String) 0">
    <annotation name="androidx.annotation.StringDef">
      <val name="value" val="{android.security.keystore.KeyProperties.KEY_ALGORITHM_RSA, android.security.keystore.KeyProperties.KEY_ALGORITHM_EC, android.security.keystore.KeyProperties.KEY_ALGORITHM_AES, android.security.keystore.KeyProperties.KEY_ALGORITHM_HMAC_SHA1, android.security.keystore.KeyProperties.KEY_ALGORITHM_HMAC_SHA224, android.security.keystore.KeyProperties.KEY_ALGORITHM_HMAC_SHA256, android.security.keystore.KeyProperties.KEY_ALGORITHM_HMAC_SHA384, android.security.keystore.KeyProperties.KEY_ALGORITHM_HMAC_SHA512}" />
    </annotation>
  </item>
  <item name="android.security.KeyChain boolean removeCredentialManagementApp(android.content.Context)">
    <annotation name="androidx.annotation.WorkerThread"/>
    <annotation name="androidx.annotation.RequiresPermission">
      <val name="value" val="&quot;android.permission.MANAGE_CREDENTIAL_MANAGEMENT_APP&quot;" />
      <val name="conditional" val="true" />
    </annotation>
  </item>
  <item name="android.security.KeyChain java.lang.String getWifiKeyGrantAsUser(android.content.Context, android.os.UserHandle, java.lang.String)">
    <annotation name="androidx.annotation.WorkerThread"/>
  </item>
  <item name="android.security.KeyChain java.security.PrivateKey getPrivateKey(android.content.Context, java.lang.String)">
    <annotation name="androidx.annotation.WorkerThread"/>
  </item>
  <item name="android.security.KeyChain java.security.cert.X509Certificate[] getCertificateChain(android.content.Context, java.lang.String)">
    <annotation name="androidx.annotation.WorkerThread"/>
  </item>
  <item name="android.security.KeyChain void choosePrivateKeyAlias(android.app.Activity, android.security.KeyChainAliasCallback, java.lang.String[], java.security.Principal[], android.net.Uri, java.lang.String) 2">
    <annotation name="androidx.annotation.StringDef">
      <val name="value" val="{android.security.keystore.KeyProperties.KEY_ALGORITHM_RSA, android.security.keystore.KeyProperties.KEY_ALGORITHM_EC, android.security.keystore.KeyProperties.KEY_ALGORITHM_AES, android.security.keystore.KeyProperties.KEY_ALGORITHM_HMAC_SHA1, android.security.keystore.KeyProperties.KEY_ALGORITHM_HMAC_SHA224, android.security.keystore.KeyProperties.KEY_ALGORITHM_HMAC_SHA256, android.security.keystore.KeyProperties.KEY_ALGORITHM_HMAC_SHA384, android.security.keystore.KeyProperties.KEY_ALGORITHM_HMAC_SHA512}" />
    </annotation>
  </item>
  <item name="android.security.KeyChain void choosePrivateKeyAlias(android.app.Activity, android.security.KeyChainAliasCallback, java.lang.String[], java.security.Principal[], java.lang.String, int, java.lang.String) 2">
    <annotation name="androidx.annotation.StringDef">
      <val name="value" val="{android.security.keystore.KeyProperties.KEY_ALGORITHM_RSA, android.security.keystore.KeyProperties.KEY_ALGORITHM_EC, android.security.keystore.KeyProperties.KEY_ALGORITHM_AES, android.security.keystore.KeyProperties.KEY_ALGORITHM_HMAC_SHA1, android.security.keystore.KeyProperties.KEY_ALGORITHM_HMAC_SHA224, android.security.keystore.KeyProperties.KEY_ALGORITHM_HMAC_SHA256, android.security.keystore.KeyProperties.KEY_ALGORITHM_HMAC_SHA384, android.security.keystore.KeyProperties.KEY_ALGORITHM_HMAC_SHA512}" />
    </annotation>
  </item>
  <item name="android.security.KeyPairGeneratorSpec java.lang.String getKeyType()">
    <annotation name="androidx.annotation.StringDef">
      <val name="value" val="{android.security.keystore.KeyProperties.KEY_ALGORITHM_RSA, android.security.keystore.KeyProperties.KEY_ALGORITHM_EC, android.security.keystore.KeyProperties.KEY_ALGORITHM_AES, android.security.keystore.KeyProperties.KEY_ALGORITHM_HMAC_SHA1, android.security.keystore.KeyProperties.KEY_ALGORITHM_HMAC_SHA224, android.security.keystore.KeyProperties.KEY_ALGORITHM_HMAC_SHA256, android.security.keystore.KeyProperties.KEY_ALGORITHM_HMAC_SHA384, android.security.keystore.KeyProperties.KEY_ALGORITHM_HMAC_SHA512}" />
    </annotation>
  </item>
  <item name="android.security.KeyPairGeneratorSpec.Builder android.security.KeyPairGeneratorSpec.Builder setKeyType(java.lang.String) 0">
    <annotation name="androidx.annotation.StringDef">
      <val name="value" val="{android.security.keystore.KeyProperties.KEY_ALGORITHM_RSA, android.security.keystore.KeyProperties.KEY_ALGORITHM_EC, android.security.keystore.KeyProperties.KEY_ALGORITHM_AES, android.security.keystore.KeyProperties.KEY_ALGORITHM_HMAC_SHA1, android.security.keystore.KeyProperties.KEY_ALGORITHM_HMAC_SHA224, android.security.keystore.KeyProperties.KEY_ALGORITHM_HMAC_SHA256, android.security.keystore.KeyProperties.KEY_ALGORITHM_HMAC_SHA384, android.security.keystore.KeyProperties.KEY_ALGORITHM_HMAC_SHA512}" />
    </annotation>
  </item>
</root>

