<?xml version="1.0" encoding="UTF-8"?>
<root>
  <item name="androidx.slice.SliceMetadata int getHeaderType()">
    <annotation name="androidx.annotation.IntDef">
      <val name="value" val="{androidx.slice.widget.EventInfo.ROW_TYPE_SHORTCUT, androidx.slice.widget.EventInfo.ROW_TYPE_LIST, androidx.slice.widget.EventInfo.ROW_TYPE_GRID, androidx.slice.widget.EventInfo.ROW_TYPE_MESSAGING, androidx.slice.widget.EventInfo.ROW_TYPE_TOGGLE, androidx.slice.widget.EventInfo.ROW_TYPE_SLIDER, androidx.slice.widget.EventInfo.ROW_TYPE_PROGRESS, androidx.slice.widget.EventInfo.ROW_TYPE_SELECTION, androidx.slice.widget.EventInfo.ROW_TYPE_DATE_PICK, androidx.slice.widget.EventInfo.ROW_TYPE_TIME_PICK}" />
    </annotation>
  </item>
  <item name="androidx.slice.SliceMetadata mTemplateType">
    <annotation name="androidx.annotation.IntDef">
      <val name="value" val="{androidx.slice.widget.EventInfo.ROW_TYPE_SHORTCUT, androidx.slice.widget.EventInfo.ROW_TYPE_LIST, androidx.slice.widget.EventInfo.ROW_TYPE_GRID, androidx.slice.widget.EventInfo.ROW_TYPE_MESSAGING, androidx.slice.widget.EventInfo.ROW_TYPE_TOGGLE, androidx.slice.widget.EventInfo.ROW_TYPE_SLIDER, androidx.slice.widget.EventInfo.ROW_TYPE_PROGRESS, androidx.slice.widget.EventInfo.ROW_TYPE_SELECTION, androidx.slice.widget.EventInfo.ROW_TYPE_DATE_PICK, androidx.slice.widget.EventInfo.ROW_TYPE_TIME_PICK}" />
    </annotation>
  </item>
  <item name="androidx.slice.SliceMetadata.SliceLoadingState">
    <annotation name="androidx.annotation.IntDef">
      <val name="value" val="{androidx.slice.SliceMetadata.LOADED_NONE, androidx.slice.SliceMetadata.LOADED_PARTIAL, androidx.slice.SliceMetadata.LOADED_ALL}" />
    </annotation>
  </item>
  <item name="androidx.slice.SliceUtils androidx.slice.Slice stripSlice(androidx.slice.Slice, int, boolean) 1">
    <annotation name="androidx.annotation.IntDef">
      <val name="value" val="{androidx.slice.widget.SliceView.MODE_SMALL, androidx.slice.widget.SliceView.MODE_LARGE, androidx.slice.widget.SliceView.MODE_SHORTCUT}" />
    </annotation>
  </item>
  <item name="androidx.slice.SliceUtils.SerializeOptions androidx.slice.SliceUtils.SerializeOptions setActionMode(int) 0">
    <annotation name="androidx.annotation.IntDef">
      <val name="value" val="{androidx.slice.SliceUtils.SerializeOptions.MODE_THROW, androidx.slice.SliceUtils.SerializeOptions.MODE_REMOVE, androidx.slice.SliceUtils.SerializeOptions.MODE_CONVERT}" />
    </annotation>
  </item>
  <item name="androidx.slice.SliceUtils.SerializeOptions androidx.slice.SliceUtils.SerializeOptions setImageMode(int) 0">
    <annotation name="androidx.annotation.IntDef">
      <val name="value" val="{androidx.slice.SliceUtils.SerializeOptions.MODE_THROW, androidx.slice.SliceUtils.SerializeOptions.MODE_REMOVE, androidx.slice.SliceUtils.SerializeOptions.MODE_CONVERT}" />
    </annotation>
  </item>
  <item name="androidx.slice.SliceUtils.SerializeOptions int getActionMode()">
    <annotation name="androidx.annotation.IntDef">
      <val name="value" val="{androidx.slice.SliceUtils.SerializeOptions.MODE_THROW, androidx.slice.SliceUtils.SerializeOptions.MODE_REMOVE, androidx.slice.SliceUtils.SerializeOptions.MODE_CONVERT}" />
    </annotation>
  </item>
  <item name="androidx.slice.SliceUtils.SerializeOptions int getImageMode()">
    <annotation name="androidx.annotation.IntDef">
      <val name="value" val="{androidx.slice.SliceUtils.SerializeOptions.MODE_THROW, androidx.slice.SliceUtils.SerializeOptions.MODE_REMOVE, androidx.slice.SliceUtils.SerializeOptions.MODE_CONVERT}" />
    </annotation>
  </item>
</root>

