<?xml version="1.0" encoding="utf-8"?>
<!--
  ~ Copyright (C) 2021 The Android Open Source Project
  ~
  ~ Licensed under the Apache License, Version 2.0 (the "License");
  ~ you may not use this file except in compliance with the License.
  ~ You may obtain a copy of the License at
  ~
  ~      http://www.apache.org/licenses/LICENSE-2.0
  ~
  ~ Unless required by applicable law or agreed to in writing, software
  ~ distributed under the License is distributed on an "AS IS" BASIS,
  ~ WITHOUT WARRANTIES OR CONDITIONS OF ANY KIND, either express or implied.
  ~ See the License for the specific language governing permissions and
  ~ limitations under the License
  -->
<resources>
    <dimen name="section_horizontal_padding">64dp</dimen>
    <dimen name="separated_tabs_inset_horizontal">6dp</dimen>
    <!--  Default page horizontal margin (64dp) - separated tabs inset horizontal (6dp) -->
    <dimen name="separated_tabs_horizontal_padding">58dp</dimen>
    <dimen name="category_grid_edge_space">64dp</dimen>
    <dimen name="grid_item_featured_category_padding_bottom">24dp</dimen>
    <dimen name="grid_item_category_padding_bottom">24dp</dimen>
    <dimen name="wallpaper_grid_edge_space">64dp</dimen>
    <dimen name="bottom_actions_horizontal_margin">36dp</dimen>
    <dimen name="grid_options_container_horizontal_margin">64dp</dimen>
</resources>