<?xml version="1.0" encoding="UTF-8"?>
<root>
  <item name="android.net.vcn.VcnGatewayConnectionConfig int getMaxMtu()">
    <annotation name="androidx.annotation.IntRange">
      <val name="from" val="1280" />
    </annotation>
  </item>
  <item name="android.net.vcn.VcnGatewayConnectionConfig.Builder android.net.vcn.VcnGatewayConnectionConfig.Builder addExposedCapability(int) 0">
    <annotation name="androidx.annotation.IntDef">
    </annotation>
  </item>
  <item name="android.net.vcn.VcnGatewayConnectionConfig.Builder android.net.vcn.VcnGatewayConnectionConfig.Builder removeExposedCapability(int) 0">
    <annotation name="androidx.annotation.IntDef">
    </annotation>
  </item>
  <item name="android.net.vcn.VcnGatewayConnectionConfig.Builder android.net.vcn.VcnGatewayConnectionConfig.Builder setMaxMtu(int) 0">
    <annotation name="androidx.annotation.IntRange">
      <val name="from" val="1280" />
    </annotation>
  </item>
  <item name="android.net.vcn.VcnManager void clearVcnConfig(android.os.ParcelUuid)">
    <annotation name="androidx.annotation.RequiresPermission">
      <val name="value" val="&quot;carrier privileges&quot;" />
    </annotation>
  </item>
  <item name="android.net.vcn.VcnManager void setVcnConfig(android.os.ParcelUuid, android.net.vcn.VcnConfig)">
    <annotation name="androidx.annotation.RequiresPermission">
      <val name="value" val="&quot;carrier privileges&quot;" />
    </annotation>
  </item>
  <item name="android.net.vcn.VcnManager.VcnStatusCallback void onGatewayConnectionError(java.lang.String, int, java.lang.Throwable) 1">
    <annotation name="androidx.annotation.IntDef">
      <val name="value" val="{android.net.vcn.VcnManager.VCN_ERROR_CODE_INTERNAL_ERROR, android.net.vcn.VcnManager.VCN_ERROR_CODE_CONFIG_ERROR, android.net.vcn.VcnManager.VCN_ERROR_CODE_NETWORK_ERROR}" />
    </annotation>
  </item>
  <item name="android.net.vcn.VcnManager.VcnStatusCallback void onStatusChanged(int) 0">
    <annotation name="androidx.annotation.IntDef">
      <val name="value" val="{android.net.vcn.VcnManager.VCN_STATUS_CODE_NOT_CONFIGURED, android.net.vcn.VcnManager.VCN_STATUS_CODE_INACTIVE, android.net.vcn.VcnManager.VCN_STATUS_CODE_ACTIVE, android.net.vcn.VcnManager.VCN_STATUS_CODE_SAFE_MODE}" />
    </annotation>
  </item>
</root>

