<?xml version="1.0" encoding="UTF-8"?>
<root>
  <item name="androidx.core.content.pm.PermissionInfoCompat int getProtection(android.content.pm.PermissionInfo)">
    <annotation name="android.support.annotation.IntDef">
      <val name="flag" val="false" />
      <val name="value" val="{android.content.pm.PermissionInfo.PROTECTION_NORMAL, android.content.pm.PermissionInfo.PROTECTION_DANGEROUS, android.content.pm.PermissionInfo.PROTECTION_SIGNATURE, android.content.pm.PermissionInfo.PROTECTION_SIGNATURE_OR_SYSTEM}" />
    </annotation>
  </item>
  <item name="androidx.core.content.pm.PermissionInfoCompat int getProtectionFlags(android.content.pm.PermissionInfo)">
    <annotation name="android.support.annotation.IntDef">
      <val name="flag" val="true" />
      <val name="value" val="{android.content.pm.PermissionInfo.PROTECTION_FLAG_PRIVILEGED, android.content.pm.PermissionInfo.PROTECTION_FLAG_SYSTEM, android.content.pm.PermissionInfo.PROTECTION_FLAG_DEVELOPMENT, android.content.pm.PermissionInfo.PROTECTION_FLAG_APPOP, android.content.pm.PermissionInfo.PROTECTION_FLAG_PRE23, android.content.pm.PermissionInfo.PROTECTION_FLAG_INSTALLER, android.content.pm.PermissionInfo.PROTECTION_FLAG_VERIFIER, android.content.pm.PermissionInfo.PROTECTION_FLAG_PREINSTALLED, android.content.pm.PermissionInfo.PROTECTION_FLAG_SETUP, android.content.pm.PermissionInfo.PROTECTION_FLAG_INSTANT, android.content.pm.PermissionInfo.PROTECTION_FLAG_RUNTIME_ONLY}" />
    </annotation>
  </item>
  <item name="android.support.v4.content.pm.PermissionInfoCompat.Protection">
    <annotation name="android.support.annotation.IntDef">
      <val name="flag" val="false" />
      <val name="value" val="{android.content.pm.PermissionInfo.PROTECTION_NORMAL, android.content.pm.PermissionInfo.PROTECTION_DANGEROUS, android.content.pm.PermissionInfo.PROTECTION_SIGNATURE, android.content.pm.PermissionInfo.PROTECTION_SIGNATURE_OR_SYSTEM}" />
    </annotation>
  </item>
  <item name="android.support.v4.content.pm.PermissionInfoCompat.ProtectionFlags">
    <annotation name="android.support.annotation.IntDef">
      <val name="flag" val="true" />
      <val name="value" val="{android.content.pm.PermissionInfo.PROTECTION_FLAG_PRIVILEGED, android.content.pm.PermissionInfo.PROTECTION_FLAG_SYSTEM, android.content.pm.PermissionInfo.PROTECTION_FLAG_DEVELOPMENT, android.content.pm.PermissionInfo.PROTECTION_FLAG_APPOP, android.content.pm.PermissionInfo.PROTECTION_FLAG_PRE23, android.content.pm.PermissionInfo.PROTECTION_FLAG_INSTALLER, android.content.pm.PermissionInfo.PROTECTION_FLAG_VERIFIER, android.content.pm.PermissionInfo.PROTECTION_FLAG_PREINSTALLED, android.content.pm.PermissionInfo.PROTECTION_FLAG_SETUP, android.content.pm.PermissionInfo.PROTECTION_FLAG_INSTANT, android.content.pm.PermissionInfo.PROTECTION_FLAG_RUNTIME_ONLY}" />
    </annotation>
  </item>
</root>

