<?xml version="1.0" encoding="UTF-8"?>
<root>
  <item name="android.app.appsearch.AppSearchBatchResult.Builder android.app.appsearch.AppSearchBatchResult.Builder&lt;KeyType,ValueType&gt; setFailure(KeyType, int, java.lang.String) 1">
    <annotation name="androidx.annotation.IntDef">
      <val name="value" val="{android.app.appsearch.AppSearchResult.RESULT_OK, android.app.appsearch.AppSearchResult.RESULT_UNKNOWN_ERROR, android.app.appsearch.AppSearchResult.RESULT_INTERNAL_ERROR, android.app.appsearch.AppSearchResult.RESULT_INVALID_ARGUMENT, android.app.appsearch.AppSearchResult.RESULT_IO_ERROR, android.app.appsearch.AppSearchResult.RESULT_OUT_OF_SPACE, android.app.appsearch.AppSearchResult.RESULT_NOT_FOUND, android.app.appsearch.AppSearchResult.RESULT_INVALID_SCHEMA, android.app.appsearch.AppSearchResult.RESULT_SECURITY_ERROR}" />
    </annotation>
  </item>
  <item name="android.app.appsearch.AppSearchResult android.app.appsearch.AppSearchResult&lt;ValueType&gt; newFailedResult(int, java.lang.String) 0">
    <annotation name="androidx.annotation.IntDef">
      <val name="value" val="{android.app.appsearch.AppSearchResult.RESULT_OK, android.app.appsearch.AppSearchResult.RESULT_UNKNOWN_ERROR, android.app.appsearch.AppSearchResult.RESULT_INTERNAL_ERROR, android.app.appsearch.AppSearchResult.RESULT_INVALID_ARGUMENT, android.app.appsearch.AppSearchResult.RESULT_IO_ERROR, android.app.appsearch.AppSearchResult.RESULT_OUT_OF_SPACE, android.app.appsearch.AppSearchResult.RESULT_NOT_FOUND, android.app.appsearch.AppSearchResult.RESULT_INVALID_SCHEMA, android.app.appsearch.AppSearchResult.RESULT_SECURITY_ERROR}" />
    </annotation>
  </item>
  <item name="android.app.appsearch.AppSearchResult int getResultCode()">
    <annotation name="androidx.annotation.IntDef">
      <val name="value" val="{android.app.appsearch.AppSearchResult.RESULT_OK, android.app.appsearch.AppSearchResult.RESULT_UNKNOWN_ERROR, android.app.appsearch.AppSearchResult.RESULT_INTERNAL_ERROR, android.app.appsearch.AppSearchResult.RESULT_INVALID_ARGUMENT, android.app.appsearch.AppSearchResult.RESULT_IO_ERROR, android.app.appsearch.AppSearchResult.RESULT_OUT_OF_SPACE, android.app.appsearch.AppSearchResult.RESULT_NOT_FOUND, android.app.appsearch.AppSearchResult.RESULT_INVALID_SCHEMA, android.app.appsearch.AppSearchResult.RESULT_SECURITY_ERROR}" />
    </annotation>
  </item>
  <item name="android.app.appsearch.AppSearchSchema.BooleanPropertyConfig.Builder android.app.appsearch.AppSearchSchema.BooleanPropertyConfig.Builder setCardinality(int) 0">
    <annotation name="androidx.annotation.IntDef">
      <val name="value" val="{android.app.appsearch.AppSearchSchema.PropertyConfig.CARDINALITY_REPEATED, android.app.appsearch.AppSearchSchema.PropertyConfig.CARDINALITY_OPTIONAL, android.app.appsearch.AppSearchSchema.PropertyConfig.CARDINALITY_REQUIRED}" />
    </annotation>
  </item>
  <item name="android.app.appsearch.AppSearchSchema.BytesPropertyConfig.Builder android.app.appsearch.AppSearchSchema.BytesPropertyConfig.Builder setCardinality(int) 0">
    <annotation name="androidx.annotation.IntDef">
      <val name="value" val="{android.app.appsearch.AppSearchSchema.PropertyConfig.CARDINALITY_REPEATED, android.app.appsearch.AppSearchSchema.PropertyConfig.CARDINALITY_OPTIONAL, android.app.appsearch.AppSearchSchema.PropertyConfig.CARDINALITY_REQUIRED}" />
    </annotation>
  </item>
  <item name="android.app.appsearch.AppSearchSchema.DocumentPropertyConfig.Builder android.app.appsearch.AppSearchSchema.DocumentPropertyConfig.Builder setCardinality(int) 0">
    <annotation name="androidx.annotation.IntDef">
      <val name="value" val="{android.app.appsearch.AppSearchSchema.PropertyConfig.CARDINALITY_REPEATED, android.app.appsearch.AppSearchSchema.PropertyConfig.CARDINALITY_OPTIONAL, android.app.appsearch.AppSearchSchema.PropertyConfig.CARDINALITY_REQUIRED}" />
    </annotation>
  </item>
  <item name="android.app.appsearch.AppSearchSchema.DoublePropertyConfig.Builder android.app.appsearch.AppSearchSchema.DoublePropertyConfig.Builder setCardinality(int) 0">
    <annotation name="androidx.annotation.IntDef">
      <val name="value" val="{android.app.appsearch.AppSearchSchema.PropertyConfig.CARDINALITY_REPEATED, android.app.appsearch.AppSearchSchema.PropertyConfig.CARDINALITY_OPTIONAL, android.app.appsearch.AppSearchSchema.PropertyConfig.CARDINALITY_REQUIRED}" />
    </annotation>
  </item>
  <item name="android.app.appsearch.AppSearchSchema.LongPropertyConfig.Builder android.app.appsearch.AppSearchSchema.LongPropertyConfig.Builder setCardinality(int) 0">
    <annotation name="androidx.annotation.IntDef">
      <val name="value" val="{android.app.appsearch.AppSearchSchema.PropertyConfig.CARDINALITY_REPEATED, android.app.appsearch.AppSearchSchema.PropertyConfig.CARDINALITY_OPTIONAL, android.app.appsearch.AppSearchSchema.PropertyConfig.CARDINALITY_REQUIRED}" />
    </annotation>
  </item>
  <item name="android.app.appsearch.AppSearchSchema.PropertyConfig int getCardinality()">
    <annotation name="androidx.annotation.IntDef">
      <val name="value" val="{android.app.appsearch.AppSearchSchema.PropertyConfig.CARDINALITY_REPEATED, android.app.appsearch.AppSearchSchema.PropertyConfig.CARDINALITY_OPTIONAL, android.app.appsearch.AppSearchSchema.PropertyConfig.CARDINALITY_REQUIRED}" />
    </annotation>
  </item>
  <item name="android.app.appsearch.AppSearchSchema.StringPropertyConfig int getIndexingType()">
    <annotation name="androidx.annotation.IntDef">
      <val name="value" val="{android.app.appsearch.AppSearchSchema.StringPropertyConfig.INDEXING_TYPE_NONE, android.app.appsearch.AppSearchSchema.StringPropertyConfig.INDEXING_TYPE_EXACT_TERMS, android.app.appsearch.AppSearchSchema.StringPropertyConfig.INDEXING_TYPE_PREFIXES}" />
    </annotation>
  </item>
  <item name="android.app.appsearch.AppSearchSchema.StringPropertyConfig int getTokenizerType()">
    <annotation name="androidx.annotation.IntDef">
      <val name="value" val="{android.app.appsearch.AppSearchSchema.StringPropertyConfig.TOKENIZER_TYPE_NONE, android.app.appsearch.AppSearchSchema.StringPropertyConfig.TOKENIZER_TYPE_PLAIN}" />
    </annotation>
  </item>
  <item name="android.app.appsearch.AppSearchSchema.StringPropertyConfig.Builder android.app.appsearch.AppSearchSchema.StringPropertyConfig.Builder setCardinality(int) 0">
    <annotation name="androidx.annotation.IntDef">
      <val name="value" val="{android.app.appsearch.AppSearchSchema.PropertyConfig.CARDINALITY_REPEATED, android.app.appsearch.AppSearchSchema.PropertyConfig.CARDINALITY_OPTIONAL, android.app.appsearch.AppSearchSchema.PropertyConfig.CARDINALITY_REQUIRED}" />
    </annotation>
  </item>
  <item name="android.app.appsearch.AppSearchSchema.StringPropertyConfig.Builder android.app.appsearch.AppSearchSchema.StringPropertyConfig.Builder setIndexingType(int) 0">
    <annotation name="androidx.annotation.IntDef">
      <val name="value" val="{android.app.appsearch.AppSearchSchema.StringPropertyConfig.INDEXING_TYPE_NONE, android.app.appsearch.AppSearchSchema.StringPropertyConfig.INDEXING_TYPE_EXACT_TERMS, android.app.appsearch.AppSearchSchema.StringPropertyConfig.INDEXING_TYPE_PREFIXES}" />
    </annotation>
  </item>
  <item name="android.app.appsearch.AppSearchSchema.StringPropertyConfig.Builder android.app.appsearch.AppSearchSchema.StringPropertyConfig.Builder setTokenizerType(int) 0">
    <annotation name="androidx.annotation.IntDef">
      <val name="value" val="{android.app.appsearch.AppSearchSchema.StringPropertyConfig.TOKENIZER_TYPE_NONE, android.app.appsearch.AppSearchSchema.StringPropertyConfig.TOKENIZER_TYPE_PLAIN}" />
    </annotation>
  </item>
  <item name="android.app.appsearch.GenericDocument.Builder BuilderType setScore(int) 0">
    <annotation name="androidx.annotation.IntRange">
      <val name="from" val="0" />
      <val name="to" val="2147483647" />
    </annotation>
  </item>
  <item name="android.app.appsearch.GetSchemaResponse int getVersion()">
    <annotation name="androidx.annotation.IntRange">
      <val name="from" val="0" />
    </annotation>
  </item>
  <item name="android.app.appsearch.GetSchemaResponse.Builder android.app.appsearch.GetSchemaResponse.Builder setVersion(int) 0">
    <annotation name="androidx.annotation.IntRange">
      <val name="from" val="0" />
    </annotation>
  </item>
  <item name="android.app.appsearch.Migrator android.app.appsearch.GenericDocument onDowngrade(int, int, android.app.appsearch.GenericDocument)">
    <annotation name="androidx.annotation.WorkerThread"/>
  </item>
  <item name="android.app.appsearch.Migrator android.app.appsearch.GenericDocument onUpgrade(int, int, android.app.appsearch.GenericDocument)">
    <annotation name="androidx.annotation.WorkerThread"/>
  </item>
  <item name="android.app.appsearch.SearchSpec int getOrder()">
    <annotation name="androidx.annotation.IntDef">
      <val name="value" val="{android.app.appsearch.SearchSpec.ORDER_DESCENDING, android.app.appsearch.SearchSpec.ORDER_ASCENDING}" />
    </annotation>
  </item>
  <item name="android.app.appsearch.SearchSpec int getRankingStrategy()">
    <annotation name="androidx.annotation.IntDef">
      <val name="value" val="{android.app.appsearch.SearchSpec.RANKING_STRATEGY_NONE, android.app.appsearch.SearchSpec.RANKING_STRATEGY_DOCUMENT_SCORE, android.app.appsearch.SearchSpec.RANKING_STRATEGY_CREATION_TIMESTAMP, android.app.appsearch.SearchSpec.RANKING_STRATEGY_RELEVANCE_SCORE, android.app.appsearch.SearchSpec.RANKING_STRATEGY_USAGE_COUNT, android.app.appsearch.SearchSpec.RANKING_STRATEGY_USAGE_LAST_USED_TIMESTAMP, android.app.appsearch.SearchSpec.RANKING_STRATEGY_SYSTEM_USAGE_COUNT, android.app.appsearch.SearchSpec.RANKING_STRATEGY_SYSTEM_USAGE_LAST_USED_TIMESTAMP}" />
    </annotation>
  </item>
  <item name="android.app.appsearch.SearchSpec int getResultGroupingTypeFlags()">
    <annotation name="androidx.annotation.IntDef">
      <val name="flag" val="true" />
      <val name="value" val="{android.app.appsearch.SearchSpec.GROUPING_TYPE_PER_PACKAGE, android.app.appsearch.SearchSpec.GROUPING_TYPE_PER_NAMESPACE}" />
    </annotation>
  </item>
  <item name="android.app.appsearch.SearchSpec int getTermMatch()">
    <annotation name="androidx.annotation.IntDef">
      <val name="value" val="{android.app.appsearch.SearchSpec.TERM_MATCH_EXACT_ONLY, android.app.appsearch.SearchSpec.TERM_MATCH_PREFIX}" />
    </annotation>
  </item>
  <item name="android.app.appsearch.SearchSpec.Builder android.app.appsearch.SearchSpec.Builder setMaxSnippetSize(int) 0">
    <annotation name="androidx.annotation.IntRange">
      <val name="from" val="0" />
      <val name="to" val="10000" />
    </annotation>
  </item>
  <item name="android.app.appsearch.SearchSpec.Builder android.app.appsearch.SearchSpec.Builder setOrder(int) 0">
    <annotation name="androidx.annotation.IntDef">
      <val name="value" val="{android.app.appsearch.SearchSpec.ORDER_DESCENDING, android.app.appsearch.SearchSpec.ORDER_ASCENDING}" />
    </annotation>
  </item>
  <item name="android.app.appsearch.SearchSpec.Builder android.app.appsearch.SearchSpec.Builder setRankingStrategy(int) 0">
    <annotation name="androidx.annotation.IntDef">
      <val name="value" val="{android.app.appsearch.SearchSpec.RANKING_STRATEGY_NONE, android.app.appsearch.SearchSpec.RANKING_STRATEGY_DOCUMENT_SCORE, android.app.appsearch.SearchSpec.RANKING_STRATEGY_CREATION_TIMESTAMP, android.app.appsearch.SearchSpec.RANKING_STRATEGY_RELEVANCE_SCORE, android.app.appsearch.SearchSpec.RANKING_STRATEGY_USAGE_COUNT, android.app.appsearch.SearchSpec.RANKING_STRATEGY_USAGE_LAST_USED_TIMESTAMP, android.app.appsearch.SearchSpec.RANKING_STRATEGY_SYSTEM_USAGE_COUNT, android.app.appsearch.SearchSpec.RANKING_STRATEGY_SYSTEM_USAGE_LAST_USED_TIMESTAMP}" />
    </annotation>
  </item>
  <item name="android.app.appsearch.SearchSpec.Builder android.app.appsearch.SearchSpec.Builder setResultCountPerPage(int) 0">
    <annotation name="androidx.annotation.IntRange">
      <val name="from" val="0" />
      <val name="to" val="10000" />
    </annotation>
  </item>
  <item name="android.app.appsearch.SearchSpec.Builder android.app.appsearch.SearchSpec.Builder setResultGrouping(int, int) 0">
    <annotation name="androidx.annotation.IntDef">
      <val name="flag" val="true" />
      <val name="value" val="{android.app.appsearch.SearchSpec.GROUPING_TYPE_PER_PACKAGE, android.app.appsearch.SearchSpec.GROUPING_TYPE_PER_NAMESPACE}" />
    </annotation>
  </item>
  <item name="android.app.appsearch.SearchSpec.Builder android.app.appsearch.SearchSpec.Builder setSnippetCount(int) 0">
    <annotation name="androidx.annotation.IntRange">
      <val name="from" val="0" />
      <val name="to" val="10000" />
    </annotation>
  </item>
  <item name="android.app.appsearch.SearchSpec.Builder android.app.appsearch.SearchSpec.Builder setSnippetCountPerProperty(int) 0">
    <annotation name="androidx.annotation.IntRange">
      <val name="from" val="0" />
      <val name="to" val="10000" />
    </annotation>
  </item>
  <item name="android.app.appsearch.SearchSpec.Builder android.app.appsearch.SearchSpec.Builder setTermMatch(int) 0">
    <annotation name="androidx.annotation.IntDef">
      <val name="value" val="{android.app.appsearch.SearchSpec.TERM_MATCH_EXACT_ONLY, android.app.appsearch.SearchSpec.TERM_MATCH_PREFIX}" />
    </annotation>
  </item>
  <item name="android.app.appsearch.SetSchemaRequest int getVersion()">
    <annotation name="androidx.annotation.IntRange">
      <val name="from" val="1" />
    </annotation>
  </item>
  <item name="android.app.appsearch.SetSchemaRequest.Builder android.app.appsearch.SetSchemaRequest.Builder setVersion(int) 0">
    <annotation name="androidx.annotation.IntRange">
      <val name="from" val="1" />
    </annotation>
  </item>
</root>

