<?xml version="1.0" encoding="UTF-8"?>
<root>
  <item name="androidx.room.util.TableInfo.Column Column(java.lang.String, java.lang.String, boolean, int, java.lang.String, int) 5">
    <annotation name="androidx.annotation.IntDef">
      <val name="value" val="{androidx.room.util.TableInfo.CREATED_FROM_UNKNOWN, androidx.room.util.TableInfo.CREATED_FROM_ENTITY, androidx.room.util.TableInfo.CREATED_FROM_DATABASE}" />
    </annotation>
  </item>
  <item name="androidx.room.util.TableInfo.Column mCreatedFrom">
    <annotation name="androidx.annotation.IntDef">
      <val name="value" val="{androidx.room.util.TableInfo.CREATED_FROM_UNKNOWN, androidx.room.util.TableInfo.CREATED_FROM_ENTITY, androidx.room.util.TableInfo.CREATED_FROM_DATABASE}" />
    </annotation>
  </item>
</root>

