<?xml version="1.0" encoding="UTF-8"?>
<root>
  <item name="android.media.audiopolicy.AudioMix.Builder android.media.audiopolicy.AudioMix.Builder setRouteFlags(int) 0">
    <annotation name="androidx.annotation.IntDef">
      <val name="flag" val="true" />
      <val name="value" val="{android.media.audiopolicy.AudioMix.ROUTE_FLAG_RENDER, android.media.audiopolicy.AudioMix.ROUTE_FLAG_LOOP_BACK}" />
    </annotation>
  </item>
  <item name="android.media.audiopolicy.AudioPolicy.AudioPolicyVolumeCallback void onVolumeAdjustment(int) 0">
    <annotation name="androidx.annotation.IntDef">
      <val name="flag" val="false" />
      <val name="value" val="{android.media.AudioManager.ADJUST_RAISE, android.media.AudioManager.ADJUST_LOWER, android.media.AudioManager.ADJUST_SAME, android.media.AudioManager.ADJUST_MUTE, android.media.AudioManager.ADJUST_UNMUTE, android.media.AudioManager.ADJUST_TOGGLE_MUTE}" />
    </annotation>
  </item>
</root>

