<?xml version="1.0" encoding="UTF-8"?>
<root>
  <item name="androidx.webkit.internal.WebViewFeatureInternal WebViewFeatureInternal(java.lang.String, java.lang.String) 0">
    <annotation name="androidx.annotation.StringDef">
      <val name="value" val="{androidx.webkit.WebViewFeature.VISUAL_STATE_CALLBACK, androidx.webkit.WebViewFeature.OFF_SCREEN_PRERASTER, androidx.webkit.WebViewFeature.SAFE_BROWSING_ENABLE, androidx.webkit.WebViewFeature.DISABLED_ACTION_MODE_MENU_ITEMS, androidx.webkit.WebViewFeature.START_SAFE_BROWSING, androidx.webkit.WebViewFeature.SAFE_BROWSING_ALLOWLIST, androidx.webkit.WebViewFeature.SAFE_BROWSING_WHITELIST, androidx.webkit.WebViewFeature.SAFE_BROWSING_PRIVACY_POLICY_URL, androidx.webkit.WebViewFeature.SERVICE_WORKER_BASIC_USAGE, androidx.webkit.WebViewFeature.SERVICE_WORKER_CACHE_MODE, androidx.webkit.WebViewFeature.SERVICE_WORKER_CONTENT_ACCESS, androidx.webkit.WebViewFeature.SERVICE_WORKER_FILE_ACCESS, androidx.webkit.WebViewFeature.SERVICE_WORKER_BLOCK_NETWORK_LOADS, androidx.webkit.WebViewFeature.SERVICE_WORKER_SHOULD_INTERCEPT_REQUEST, androidx.webkit.WebViewFeature.RECEIVE_WEB_RESOURCE_ERROR, androidx.webkit.WebViewFeature.RECEIVE_HTTP_ERROR, androidx.webkit.WebViewFeature.SHOULD_OVERRIDE_WITH_REDIRECTS, androidx.webkit.WebViewFeature.SAFE_BROWSING_HIT, androidx.webkit.WebViewFeature.TRACING_CONTROLLER_BASIC_USAGE, androidx.webkit.WebViewFeature.WEB_RESOURCE_REQUEST_IS_REDIRECT, androidx.webkit.WebViewFeature.WEB_RESOURCE_ERROR_GET_DESCRIPTION, androidx.webkit.WebViewFeature.WEB_RESOURCE_ERROR_GET_CODE, androidx.webkit.WebViewFeature.SAFE_BROWSING_RESPONSE_BACK_TO_SAFETY, androidx.webkit.WebViewFeature.SAFE_BROWSING_RESPONSE_PROCEED, androidx.webkit.WebViewFeature.SAFE_BROWSING_RESPONSE_SHOW_INTERSTITIAL, androidx.webkit.WebViewFeature.WEB_MESSAGE_PORT_POST_MESSAGE, androidx.webkit.WebViewFeature.WEB_MESSAGE_PORT_CLOSE, androidx.webkit.WebViewFeature.WEB_MESSAGE_PORT_SET_MESSAGE_CALLBACK, androidx.webkit.WebViewFeature.CREATE_WEB_MESSAGE_CHANNEL, androidx.webkit.WebViewFeature.POST_WEB_MESSAGE, androidx.webkit.WebViewFeature.WEB_MESSAGE_CALLBACK_ON_MESSAGE, androidx.webkit.WebViewFeature.GET_WEB_VIEW_CLIENT, androidx.webkit.WebViewFeature.GET_WEB_CHROME_CLIENT, androidx.webkit.WebViewFeature.GET_WEB_VIEW_RENDERER, androidx.webkit.WebViewFeature.WEB_VIEW_RENDERER_TERMINATE, androidx.webkit.WebViewFeature.WEB_VIEW_RENDERER_CLIENT_BASIC_USAGE, androidx.webkit.WebViewFeature.PROXY_OVERRIDE, androidx.webkit.WebViewFeature.SUPPRESS_ERROR_PAGE, androidx.webkit.WebViewFeature.MULTI_PROCESS, androidx.webkit.WebViewFeature.FORCE_DARK, androidx.webkit.WebViewFeature.FORCE_DARK_STRATEGY, androidx.webkit.WebViewFeature.WEB_MESSAGE_LISTENER, androidx.webkit.WebViewFeature.DOCUMENT_START_SCRIPT, androidx.webkit.WebViewFeature.PROXY_OVERRIDE_REVERSE_BYPASS}" />
    </annotation>
  </item>
  <item name="androidx.webkit.internal.WebViewFeatureInternal WebViewFeatureInternal(java.lang.String, java.lang.String, int) 0">
    <annotation name="androidx.annotation.StringDef">
      <val name="value" val="{androidx.webkit.WebViewFeature.VISUAL_STATE_CALLBACK, androidx.webkit.WebViewFeature.OFF_SCREEN_PRERASTER, androidx.webkit.WebViewFeature.SAFE_BROWSING_ENABLE, androidx.webkit.WebViewFeature.DISABLED_ACTION_MODE_MENU_ITEMS, androidx.webkit.WebViewFeature.START_SAFE_BROWSING, androidx.webkit.WebViewFeature.SAFE_BROWSING_ALLOWLIST, androidx.webkit.WebViewFeature.SAFE_BROWSING_WHITELIST, androidx.webkit.WebViewFeature.SAFE_BROWSING_PRIVACY_POLICY_URL, androidx.webkit.WebViewFeature.SERVICE_WORKER_BASIC_USAGE, androidx.webkit.WebViewFeature.SERVICE_WORKER_CACHE_MODE, androidx.webkit.WebViewFeature.SERVICE_WORKER_CONTENT_ACCESS, androidx.webkit.WebViewFeature.SERVICE_WORKER_FILE_ACCESS, androidx.webkit.WebViewFeature.SERVICE_WORKER_BLOCK_NETWORK_LOADS, androidx.webkit.WebViewFeature.SERVICE_WORKER_SHOULD_INTERCEPT_REQUEST, androidx.webkit.WebViewFeature.RECEIVE_WEB_RESOURCE_ERROR, androidx.webkit.WebViewFeature.RECEIVE_HTTP_ERROR, androidx.webkit.WebViewFeature.SHOULD_OVERRIDE_WITH_REDIRECTS, androidx.webkit.WebViewFeature.SAFE_BROWSING_HIT, androidx.webkit.WebViewFeature.TRACING_CONTROLLER_BASIC_USAGE, androidx.webkit.WebViewFeature.WEB_RESOURCE_REQUEST_IS_REDIRECT, androidx.webkit.WebViewFeature.WEB_RESOURCE_ERROR_GET_DESCRIPTION, androidx.webkit.WebViewFeature.WEB_RESOURCE_ERROR_GET_CODE, androidx.webkit.WebViewFeature.SAFE_BROWSING_RESPONSE_BACK_TO_SAFETY, androidx.webkit.WebViewFeature.SAFE_BROWSING_RESPONSE_PROCEED, androidx.webkit.WebViewFeature.SAFE_BROWSING_RESPONSE_SHOW_INTERSTITIAL, androidx.webkit.WebViewFeature.WEB_MESSAGE_PORT_POST_MESSAGE, androidx.webkit.WebViewFeature.WEB_MESSAGE_PORT_CLOSE, androidx.webkit.WebViewFeature.WEB_MESSAGE_PORT_SET_MESSAGE_CALLBACK, androidx.webkit.WebViewFeature.CREATE_WEB_MESSAGE_CHANNEL, androidx.webkit.WebViewFeature.POST_WEB_MESSAGE, androidx.webkit.WebViewFeature.WEB_MESSAGE_CALLBACK_ON_MESSAGE, androidx.webkit.WebViewFeature.GET_WEB_VIEW_CLIENT, androidx.webkit.WebViewFeature.GET_WEB_CHROME_CLIENT, androidx.webkit.WebViewFeature.GET_WEB_VIEW_RENDERER, androidx.webkit.WebViewFeature.WEB_VIEW_RENDERER_TERMINATE, androidx.webkit.WebViewFeature.WEB_VIEW_RENDERER_CLIENT_BASIC_USAGE, androidx.webkit.WebViewFeature.PROXY_OVERRIDE, androidx.webkit.WebViewFeature.SUPPRESS_ERROR_PAGE, androidx.webkit.WebViewFeature.MULTI_PROCESS, androidx.webkit.WebViewFeature.FORCE_DARK, androidx.webkit.WebViewFeature.FORCE_DARK_STRATEGY, androidx.webkit.WebViewFeature.WEB_MESSAGE_LISTENER, androidx.webkit.WebViewFeature.DOCUMENT_START_SCRIPT, androidx.webkit.WebViewFeature.PROXY_OVERRIDE_REVERSE_BYPASS}" />
    </annotation>
  </item>
  <item name="androidx.webkit.internal.WebViewFeatureInternal boolean isSupported(java.lang.String) 0">
    <annotation name="androidx.annotation.StringDef">
      <val name="value" val="{androidx.webkit.WebViewFeature.VISUAL_STATE_CALLBACK, androidx.webkit.WebViewFeature.OFF_SCREEN_PRERASTER, androidx.webkit.WebViewFeature.SAFE_BROWSING_ENABLE, androidx.webkit.WebViewFeature.DISABLED_ACTION_MODE_MENU_ITEMS, androidx.webkit.WebViewFeature.START_SAFE_BROWSING, androidx.webkit.WebViewFeature.SAFE_BROWSING_ALLOWLIST, androidx.webkit.WebViewFeature.SAFE_BROWSING_WHITELIST, androidx.webkit.WebViewFeature.SAFE_BROWSING_PRIVACY_POLICY_URL, androidx.webkit.WebViewFeature.SERVICE_WORKER_BASIC_USAGE, androidx.webkit.WebViewFeature.SERVICE_WORKER_CACHE_MODE, androidx.webkit.WebViewFeature.SERVICE_WORKER_CONTENT_ACCESS, androidx.webkit.WebViewFeature.SERVICE_WORKER_FILE_ACCESS, androidx.webkit.WebViewFeature.SERVICE_WORKER_BLOCK_NETWORK_LOADS, androidx.webkit.WebViewFeature.SERVICE_WORKER_SHOULD_INTERCEPT_REQUEST, androidx.webkit.WebViewFeature.RECEIVE_WEB_RESOURCE_ERROR, androidx.webkit.WebViewFeature.RECEIVE_HTTP_ERROR, androidx.webkit.WebViewFeature.SHOULD_OVERRIDE_WITH_REDIRECTS, androidx.webkit.WebViewFeature.SAFE_BROWSING_HIT, androidx.webkit.WebViewFeature.TRACING_CONTROLLER_BASIC_USAGE, androidx.webkit.WebViewFeature.WEB_RESOURCE_REQUEST_IS_REDIRECT, androidx.webkit.WebViewFeature.WEB_RESOURCE_ERROR_GET_DESCRIPTION, androidx.webkit.WebViewFeature.WEB_RESOURCE_ERROR_GET_CODE, androidx.webkit.WebViewFeature.SAFE_BROWSING_RESPONSE_BACK_TO_SAFETY, androidx.webkit.WebViewFeature.SAFE_BROWSING_RESPONSE_PROCEED, androidx.webkit.WebViewFeature.SAFE_BROWSING_RESPONSE_SHOW_INTERSTITIAL, androidx.webkit.WebViewFeature.WEB_MESSAGE_PORT_POST_MESSAGE, androidx.webkit.WebViewFeature.WEB_MESSAGE_PORT_CLOSE, androidx.webkit.WebViewFeature.WEB_MESSAGE_PORT_SET_MESSAGE_CALLBACK, androidx.webkit.WebViewFeature.CREATE_WEB_MESSAGE_CHANNEL, androidx.webkit.WebViewFeature.POST_WEB_MESSAGE, androidx.webkit.WebViewFeature.WEB_MESSAGE_CALLBACK_ON_MESSAGE, androidx.webkit.WebViewFeature.GET_WEB_VIEW_CLIENT, androidx.webkit.WebViewFeature.GET_WEB_CHROME_CLIENT, androidx.webkit.WebViewFeature.GET_WEB_VIEW_RENDERER, androidx.webkit.WebViewFeature.WEB_VIEW_RENDERER_TERMINATE, androidx.webkit.WebViewFeature.WEB_VIEW_RENDERER_CLIENT_BASIC_USAGE, androidx.webkit.WebViewFeature.PROXY_OVERRIDE, androidx.webkit.WebViewFeature.SUPPRESS_ERROR_PAGE, androidx.webkit.WebViewFeature.MULTI_PROCESS, androidx.webkit.WebViewFeature.FORCE_DARK, androidx.webkit.WebViewFeature.FORCE_DARK_STRATEGY, androidx.webkit.WebViewFeature.WEB_MESSAGE_LISTENER, androidx.webkit.WebViewFeature.DOCUMENT_START_SCRIPT, androidx.webkit.WebViewFeature.PROXY_OVERRIDE_REVERSE_BYPASS}" />
    </annotation>
  </item>
  <item name="androidx.webkit.internal.WebViewFeatureInternal boolean isSupported(java.lang.String, java.util.Collection&lt;androidx.webkit.internal.ConditionallySupportedFeature&gt;) 0">
    <annotation name="androidx.annotation.StringDef">
      <val name="value" val="{androidx.webkit.WebViewFeature.VISUAL_STATE_CALLBACK, androidx.webkit.WebViewFeature.OFF_SCREEN_PRERASTER, androidx.webkit.WebViewFeature.SAFE_BROWSING_ENABLE, androidx.webkit.WebViewFeature.DISABLED_ACTION_MODE_MENU_ITEMS, androidx.webkit.WebViewFeature.START_SAFE_BROWSING, androidx.webkit.WebViewFeature.SAFE_BROWSING_ALLOWLIST, androidx.webkit.WebViewFeature.SAFE_BROWSING_WHITELIST, androidx.webkit.WebViewFeature.SAFE_BROWSING_PRIVACY_POLICY_URL, androidx.webkit.WebViewFeature.SERVICE_WORKER_BASIC_USAGE, androidx.webkit.WebViewFeature.SERVICE_WORKER_CACHE_MODE, androidx.webkit.WebViewFeature.SERVICE_WORKER_CONTENT_ACCESS, androidx.webkit.WebViewFeature.SERVICE_WORKER_FILE_ACCESS, androidx.webkit.WebViewFeature.SERVICE_WORKER_BLOCK_NETWORK_LOADS, androidx.webkit.WebViewFeature.SERVICE_WORKER_SHOULD_INTERCEPT_REQUEST, androidx.webkit.WebViewFeature.RECEIVE_WEB_RESOURCE_ERROR, androidx.webkit.WebViewFeature.RECEIVE_HTTP_ERROR, androidx.webkit.WebViewFeature.SHOULD_OVERRIDE_WITH_REDIRECTS, androidx.webkit.WebViewFeature.SAFE_BROWSING_HIT, androidx.webkit.WebViewFeature.TRACING_CONTROLLER_BASIC_USAGE, androidx.webkit.WebViewFeature.WEB_RESOURCE_REQUEST_IS_REDIRECT, androidx.webkit.WebViewFeature.WEB_RESOURCE_ERROR_GET_DESCRIPTION, androidx.webkit.WebViewFeature.WEB_RESOURCE_ERROR_GET_CODE, androidx.webkit.WebViewFeature.SAFE_BROWSING_RESPONSE_BACK_TO_SAFETY, androidx.webkit.WebViewFeature.SAFE_BROWSING_RESPONSE_PROCEED, androidx.webkit.WebViewFeature.SAFE_BROWSING_RESPONSE_SHOW_INTERSTITIAL, androidx.webkit.WebViewFeature.WEB_MESSAGE_PORT_POST_MESSAGE, androidx.webkit.WebViewFeature.WEB_MESSAGE_PORT_CLOSE, androidx.webkit.WebViewFeature.WEB_MESSAGE_PORT_SET_MESSAGE_CALLBACK, androidx.webkit.WebViewFeature.CREATE_WEB_MESSAGE_CHANNEL, androidx.webkit.WebViewFeature.POST_WEB_MESSAGE, androidx.webkit.WebViewFeature.WEB_MESSAGE_CALLBACK_ON_MESSAGE, androidx.webkit.WebViewFeature.GET_WEB_VIEW_CLIENT, androidx.webkit.WebViewFeature.GET_WEB_CHROME_CLIENT, androidx.webkit.WebViewFeature.GET_WEB_VIEW_RENDERER, androidx.webkit.WebViewFeature.WEB_VIEW_RENDERER_TERMINATE, androidx.webkit.WebViewFeature.WEB_VIEW_RENDERER_CLIENT_BASIC_USAGE, androidx.webkit.WebViewFeature.PROXY_OVERRIDE, androidx.webkit.WebViewFeature.SUPPRESS_ERROR_PAGE, androidx.webkit.WebViewFeature.MULTI_PROCESS, androidx.webkit.WebViewFeature.FORCE_DARK, androidx.webkit.WebViewFeature.FORCE_DARK_STRATEGY, androidx.webkit.WebViewFeature.WEB_MESSAGE_LISTENER, androidx.webkit.WebViewFeature.DOCUMENT_START_SCRIPT, androidx.webkit.WebViewFeature.PROXY_OVERRIDE_REVERSE_BYPASS}" />
    </annotation>
  </item>
</root>

