<?xml version="1.0" encoding="UTF-8"?>
<root>
  <item name="android.service.storage.ExternalStorageService void onAnrDelayStarted(java.lang.String, int, int, int) 3">
    <annotation name="androidx.annotation.IntDef">
      <val name="value" val="{android.os.storage.StorageManager.APP_IO_BLOCKED_REASON_TRANSCODING, android.os.storage.StorageManager.APP_IO_BLOCKED_REASON_UNKNOWN}" />
    </annotation>
  </item>
  <item name="android.service.storage.ExternalStorageService void onStartSession(java.lang.String, int, android.os.ParcelFileDescriptor, java.io.File, java.io.File) 1">
    <annotation name="androidx.annotation.IntDef">
      <val name="flag" val="true" />
      <val name="value" val="{android.service.storage.ExternalStorageService.FLAG_SESSION_TYPE_FUSE, android.service.storage.ExternalStorageService.FLAG_SESSION_ATTRIBUTE_INDEXABLE}" />
    </annotation>
  </item>
</root>

