<?xml version="1.0" encoding="UTF-8"?>
<root>
  <item name="androidx.heifwriter.HeifEncoder HeifEncoder(int, int, boolean, int, int, android.os.Handler, androidx.heifwriter.HeifEncoder.Callback) 4">
    <annotation name="androidx.annotation.IntDef">
      <val name="value" val="{androidx.heifwriter.HeifEncoder.INPUT_MODE_BUFFER, androidx.heifwriter.HeifEncoder.INPUT_MODE_SURFACE, androidx.heifwriter.HeifEncoder.INPUT_MODE_BITMAP}" />
    </annotation>
  </item>
  <item name="androidx.heifwriter.HeifEncoder mInputMode">
    <annotation name="androidx.annotation.IntDef">
      <val name="value" val="{androidx.heifwriter.HeifEncoder.INPUT_MODE_BUFFER, androidx.heifwriter.HeifEncoder.INPUT_MODE_SURFACE, androidx.heifwriter.HeifEncoder.INPUT_MODE_BITMAP}" />
    </annotation>
  </item>
  <item name="androidx.heifwriter.HeifEncoder.InputMode">
    <annotation name="androidx.annotation.IntDef">
      <val name="value" val="{androidx.heifwriter.HeifEncoder.INPUT_MODE_BUFFER, androidx.heifwriter.HeifEncoder.INPUT_MODE_SURFACE, androidx.heifwriter.HeifEncoder.INPUT_MODE_BITMAP}" />
    </annotation>
  </item>
  <item name="androidx.heifwriter.HeifWriter HeifWriter(java.lang.String, java.io.FileDescriptor, int, int, int, boolean, int, int, int, int, android.os.Handler) 9">
    <annotation name="androidx.annotation.IntDef">
      <val name="value" val="{androidx.heifwriter.HeifWriter.INPUT_MODE_BUFFER, androidx.heifwriter.HeifWriter.INPUT_MODE_SURFACE, androidx.heifwriter.HeifWriter.INPUT_MODE_BITMAP}" />
    </annotation>
  </item>
  <item name="androidx.heifwriter.HeifWriter mInputMode">
    <annotation name="androidx.annotation.IntDef">
      <val name="value" val="{androidx.heifwriter.HeifWriter.INPUT_MODE_BUFFER, androidx.heifwriter.HeifWriter.INPUT_MODE_SURFACE, androidx.heifwriter.HeifWriter.INPUT_MODE_BITMAP}" />
    </annotation>
  </item>
  <item name="androidx.heifwriter.HeifWriter void checkMode(int) 0">
    <annotation name="androidx.annotation.IntDef">
      <val name="value" val="{androidx.heifwriter.HeifWriter.INPUT_MODE_BUFFER, androidx.heifwriter.HeifWriter.INPUT_MODE_SURFACE, androidx.heifwriter.HeifWriter.INPUT_MODE_BITMAP}" />
    </annotation>
  </item>
  <item name="androidx.heifwriter.HeifWriter void checkStartedAndMode(int) 0">
    <annotation name="androidx.annotation.IntDef">
      <val name="value" val="{androidx.heifwriter.HeifWriter.INPUT_MODE_BUFFER, androidx.heifwriter.HeifWriter.INPUT_MODE_SURFACE, androidx.heifwriter.HeifWriter.INPUT_MODE_BITMAP}" />
    </annotation>
  </item>
  <item name="androidx.heifwriter.HeifWriter.Builder Builder(java.io.FileDescriptor, int, int, int) 3">
    <annotation name="androidx.annotation.IntDef">
      <val name="value" val="{androidx.heifwriter.HeifWriter.INPUT_MODE_BUFFER, androidx.heifwriter.HeifWriter.INPUT_MODE_SURFACE, androidx.heifwriter.HeifWriter.INPUT_MODE_BITMAP}" />
    </annotation>
  </item>
  <item name="androidx.heifwriter.HeifWriter.Builder Builder(java.lang.String, int, int, int) 3">
    <annotation name="androidx.annotation.IntDef">
      <val name="value" val="{androidx.heifwriter.HeifWriter.INPUT_MODE_BUFFER, androidx.heifwriter.HeifWriter.INPUT_MODE_SURFACE, androidx.heifwriter.HeifWriter.INPUT_MODE_BITMAP}" />
    </annotation>
  </item>
  <item name="androidx.heifwriter.HeifWriter.Builder Builder(java.lang.String, java.io.FileDescriptor, int, int, int) 4">
    <annotation name="androidx.annotation.IntDef">
      <val name="value" val="{androidx.heifwriter.HeifWriter.INPUT_MODE_BUFFER, androidx.heifwriter.HeifWriter.INPUT_MODE_SURFACE, androidx.heifwriter.HeifWriter.INPUT_MODE_BITMAP}" />
    </annotation>
  </item>
  <item name="androidx.heifwriter.HeifWriter.Builder mInputMode">
    <annotation name="androidx.annotation.IntDef">
      <val name="value" val="{androidx.heifwriter.HeifWriter.INPUT_MODE_BUFFER, androidx.heifwriter.HeifWriter.INPUT_MODE_SURFACE, androidx.heifwriter.HeifWriter.INPUT_MODE_BITMAP}" />
    </annotation>
  </item>
  <item name="androidx.heifwriter.HeifWriter.InputMode">
    <annotation name="androidx.annotation.IntDef">
      <val name="value" val="{androidx.heifwriter.HeifWriter.INPUT_MODE_BUFFER, androidx.heifwriter.HeifWriter.INPUT_MODE_SURFACE, androidx.heifwriter.HeifWriter.INPUT_MODE_BITMAP}" />
    </annotation>
  </item>
  <item name="androidx.heifwriter.Texture2dProgram Texture2dProgram(int) 0">
    <annotation name="androidx.annotation.IntDef">
      <val name="value" val="{androidx.heifwriter.Texture2dProgram.TEXTURE_2D, androidx.heifwriter.Texture2dProgram.TEXTURE_EXT}" />
    </annotation>
  </item>
  <item name="androidx.heifwriter.Texture2dProgram int getProgramType()">
    <annotation name="androidx.annotation.IntDef">
      <val name="value" val="{androidx.heifwriter.Texture2dProgram.TEXTURE_2D, androidx.heifwriter.Texture2dProgram.TEXTURE_EXT}" />
    </annotation>
  </item>
  <item name="androidx.heifwriter.Texture2dProgram mProgramType">
    <annotation name="androidx.annotation.IntDef">
      <val name="value" val="{androidx.heifwriter.Texture2dProgram.TEXTURE_2D, androidx.heifwriter.Texture2dProgram.TEXTURE_EXT}" />
    </annotation>
  </item>
  <item name="androidx.heifwriter.Texture2dProgram.ProgramType">
    <annotation name="androidx.annotation.IntDef">
      <val name="value" val="{androidx.heifwriter.Texture2dProgram.TEXTURE_2D, androidx.heifwriter.Texture2dProgram.TEXTURE_EXT}" />
    </annotation>
  </item>
</root>

